category,webseriesName,actressName,pictureUrl,bannerImageUrl
moodx,Leoni,Preeti puneet kaur;Imtiyaz,https://blogger.googleusercontent.com/img/b/R29vZ2xl/AVvXsEgg4qWcpxE3oo77bGZNe5Peevl94xt23FphZF9uTEOpRegvWwOd7yyVQbJhmtPqLqWOOKCgvGWfWLI1WyY8xHp3weYi8ISkrsTJlOTjr-Ne8GICV35EeUn5Y-h1BHUw8E0MN63N8hKcVqAPl1OdAXpyI8wAA8XUIrpYTHDWkRCOvPBJVqrnTdvFMSAYB38/s0/1.jpeg,https://blogger.googleusercontent.com/img/b/R29vZ2xl/AVvXsEjRK-WsbNqCiGARdIKPaytxscX8punR5SHZI_WqS-kM-FaXSLzKS3zByD6TVcrm_O1famYufllgsCTQgpkCxgfz0HbL3DYvZtbmhrySVvZrTFDED6LAhO9CSbQS-rewAm9zc1AM4CLTTGEr3GCtpoS_5jZjqPtu5eBEPQu8GvKxs6lFgCjDg8-jwgcqs2U/s0/1.jpg
moodx,Chu Chor,Preeti puneet kaur,https://blogger.googleusercontent.com/img/b/R29vZ2xl/AVvXsEgIJhUpQ7nsCAWwjk7x1LjLvYkliCYVBIIDOo4QFAvLMPBoCmfLtU8FC72ws5UT99k8SHelA4jfGKzpEkeVKCJAQ1V0wLoLaeQQeyAPq9w_0poDBj8OZnfbuRfyUZkY44q3mn8bLxQq2-JkH8RlV0fqS7qm1dM_9uHWNq6XaWvEVFD_sLd3yZDbJFu0Psg/s0/2.jpeg,https://blogger.googleusercontent.com/img/b/R29vZ2xl/AVvXsEiaIdtt1oeyqxOqdh3wd1aqhcST6vB4QW5EP1BoZzfsac5zICCCl8fCkqlixWEDW9q5PEX9-zOf8GOOFku6IfZLgXxXVwRcP7Hh898EbiTjRw0_l88GQVGw1qoAM1pSZXT-jMd0dLsUoYHn6njYAPUGGWuhF07rlxEcrprR_Ig3vipfMDRctQFQG_vv2-c/s0/2.jpg
moodx,Kaand wali,Jasleen aka Subhasmita panigrahi;Shakespeare,https://blogger.googleusercontent.com/img/b/R29vZ2xl/AVvXsEg13NtPS9aFDdlPQaGdi8Z7uycc27QDubpbAcYenkhFrQmpdlvtY6w5QvwEv4OUKTGASIq4KnFN_PYGw_ChzPJLocT8i_eAyVggR7-QZBPjs-U08amILIkt5o3dlFZ6bXmCIz9nlBGUarM7gkSzE7fib3cPC3U5BFA09mitJugxvMmXMitYP5mBD4WCWAE/s0/3.jpeg,https://blogger.googleusercontent.com/img/b/R29vZ2xl/AVvXsEidBarNUcdBia-HD8TqaEuZQDAj9YAh2KSqgAlBNffnewHmISV4w0450Su913Tk4vLi_pyK2huygaHz_X5ECQIchmSvClPuBI68d5M4rr6HIAzXHh1K9KkxHSsuCs3QuuEcHWekS7gjUFADW1Q_N0HlfCjbfy_HrYdq6VIt-qgpnUiUEDQNp7MF_wf5Fr0/s0/3.jpg
moodx,Kamar Tod,Soniya Maheshwari;Abhishek,https://blogger.googleusercontent.com/img/b/R29vZ2xl/AVvXsEgWOAbjETN8d9f5x3j0ehy6_5WJFsvC-FFWl9g7yZ-wHcp9REBH0ta3YH-UdUwoU7mykHgLAR-t0yWO3F_mZTvLDBZMsMS0bX3nI7qp7CJXarIYtY4SSnWhKiUEr8zPH9J2KGJOBNFwy-g1Dp7Zg3gqTAeFJijomPbJG13UQs1GJp_SPJgNGdSot_C0BEU/s0/4.png,https://blogger.googleusercontent.com/img/b/R29vZ2xl/AVvXsEheRfT3OGUw9Y8UpQTqOR8ZrBqS0y5YVQAldWCPy3palDduHqfNja6WZwAPn2e-4PyUsMFrPeB8tp7p4jFIxpHJh2uCKqPrUgwPiJVoU3xYTuNpDOj7Zry1B1hthyphenhyphenIfxvUOC1fLIKmp_iE4Fog04cfQ6ZYmOB4lFV2xF1tUPPwuq2AHoDuufFftrWaRxOA/s0/4.jpg
moodx,Hawas Ki Raat,Preeti puneet kaur;Jasleen aka Subhasmita panigrahi;Shakespeare,https://blogger.googleusercontent.com/img/b/R29vZ2xl/AVvXsEjnlYSydUOelgeMy01T1uw2gMV-8CObfcUtRpv6GhZLCGu9JOBGTvN3BsCZTmfpgUvSdlkTL55yi6C81pS2u3kavVyc0dwKwkWiPo5wj72D2BwGmp8cv3Kv9L5KZ-OMA8mnxqyyJZZ3Kf9rJMInZ-xEJyqxdlVk124HJT8rPmL5iNRw9gMMM0IERgiWiiQ/s0/5.png,https://blogger.googleusercontent.com/img/b/R29vZ2xl/AVvXsEh_hD7H4tpA6QaN49N0UBS5lPK0Fh6xuMKTDTMAea3INz7gp-Ef86OLDE8x7ma37KT_sZBIxbcytKzEn5M0FXgMMq8mXuXD_bh_T2KQEQDboCJQWcpQxvhMGZSGV1YYYo6WT9lMwNv1jcsMMPxCjGqeCejDNM4lyoGQvJc48WZtn0zuJ03mPjMbV090srg/s0/5.jpg
moodx,Kulta Season1,Pihu Sharma (Pihu Kanojia);Pari Raj;Shakespeare,https://blogger.googleusercontent.com/img/b/R29vZ2xl/AVvXsEgz9yQ-DkTgW7h51P80_4Qnk3SCQcu-WQSTAuqwHQ40830mpYIoh2yuZkBZVxYN7hOBcMoGrYhZPURjvbL-8mvdij1VqOy8omaBnZUFymiXW7UTr52WPwVt0UsfohpxIqeUlu5whAbdcG8CQ2z4klUTdb34ObQeBi8dmrzrEYLhC-fQDQD33f_CuA7vUfQ/s0/6.jpeg,https://blogger.googleusercontent.com/img/b/R29vZ2xl/AVvXsEg7e0osrYPNMOO47KSZKN75h26aHur3WUZNZezCpPYWlxO82C7aoO8TW_MRfw3v_3HbQk7dJxs4MWkR2RX-NxwAFzp8rhX6BxPqD0b4Wrn4pPjB7RM64sOe0XYhzQScw2V6_zi3AnIQqydlMZ8QXEZkED5en8_ULU0I8clyklRnApinTzAG1grIqACCYkM/s0/6.jpg
moodx,Buri Baat,Preeti puneet kaur; Pari Raj;Imtiyaz,https://blogger.googleusercontent.com/img/b/R29vZ2xl/AVvXsEg1EmkxETOrlYdah69EEkQuozjwQrcIq-JRhAdgiXQkxHgBXOzSEtf9CzXsGkwy0_RZO-yTxDQ8erBwQwIFaX4lzrXp-TREk7cOVGDE-V8xsDjXil0JWrX0pY7zSRZWt7caOglSjgcuHIjRurXTDC0t5-TlQAf-ZKPchWBkRV1AHRDiyUnbHgm8KcoHf-Y/s0/7.jpeg,https://blogger.googleusercontent.com/img/b/R29vZ2xl/AVvXsEgFes34F6LIVEIyISiqEoVOR_Oz3AxLJURgQjogTYLCu3MQzHQt2R8R_QQdXqZPiaum19LM-S3wPW4xBnHTETHwJzv2LEy3kdi0wnHZ0yS8ffdjVzrgnlhAc1bTHkVY3HQ-YNtwmZ86IHd_NjxpF2PZDhkQAHTnT7n94tT_1Fd-7QA8412gYww7CiMUhr8/s0/7.jpg
moodx,Kulta season2 ,Sunita Rajput; Sapna Sharma; Zoya Rathore;Shakespeare;Vikas Sachdeva,https://blogger.googleusercontent.com/img/b/R29vZ2xl/AVvXsEhDD84mPNqoGOUEnwTDF042cHBox2TeINOx47sNBCTflkToapSNi1KCqnhkU5ofM0qa2iufqwXayKiMORxHL6xaSwtL5JyI4AYpvsbl8sUqAuuOqhbo1mP31n7qBn8qgUGX0tj0DZy7uNyHD2gArbUI2eXL91vOlQeewh0RINKG-6iTX-FV3xgBiWPXEd8/s0/8.jpeg,https://blogger.googleusercontent.com/img/b/R29vZ2xl/AVvXsEiCoFSWyH-NSOBhHVxzpdmm8kV7z6GDHr0csAYisqAJUDU_ttyMyIBL9c4C1XjY3o97BDO2PZh_PVkFU7tKwRPeMKskgPsbr9Xz0jNwdoPk17jYqrHAf7Aivis43iuJcNrQsYuEKnO9VSCBoIwwzF_G9BjqbQWZB1jHSGVzKq5Mu-XVDoPVSvzucHoonDg/s0/8.jpg
moodx,Haramkhor,Simran Kapoor; Sapna Sharma;Shakespeare;Salman,https://blogger.googleusercontent.com/img/b/R29vZ2xl/AVvXsEilm8NWdE-YI2OqpcIj143iF6QHmJmExnFoDUl3xBivdS-GznjlgNPJprBAD1nFmOcCEgWRWnnLQxp6_qAiXG3tA8-jiFmH48q8EoSVVJZ5RxWMH0lGE29JRYBcLJ2X5jkbgB6_Y0mlbqUxdnDczi-i0ozfnLqBvK67yuSmc6jfyaIzokuyNHD-nTpIPng/s0/9.jpeg,https://blogger.googleusercontent.com/img/b/R29vZ2xl/AVvXsEgzbbWP_T8LXzktMC3W1Gvd78Y3_VTuY4wRPs1hFd8FhW0_i21yyQKgcxJUlbhGUM7dUDQEnF9nzEK4k3VpUaLrSSOAS7YO5SVPNHpBy5fWFP9jQe3_CgvXHMmWNkKHII85EGuhgWroO5W1YsOJErRdwxOKiqwPHa_PwozBd6e7wTBteX1ii17aMJL8dwk/s0/9.jpg
moodx,Kulta season 3,Pihu Sharma (Pihu Kanojia); Neha aka Nikku Verma;Shakespeare;Sanjay Mourya,https://blogger.googleusercontent.com/img/b/R29vZ2xl/AVvXsEjmodoA0PSQr7kWf-cBQwZ6ErVqVl8_ANdCEO3Z55J95KcST-UqDPj9ldRzkwFXNXIll2w0bOPhjsRwSQbcCbuj6Taie8TGJN-afuKMGqcZuNafx5yVAvQgcnmz4pgsnIGriIHn74FvvEOym5iXi7nsJlQTBj_oz34fzXcdtfKIwiy5vZ7Qe7U9Mno8EBM/s0/10.jpeg,https://blogger.googleusercontent.com/img/b/R29vZ2xl/AVvXsEhVUxAkGWYR5F16oJ2HWcNHfXwga9QVqjIxBgwMySq44QnXJXY7_zuV7Q-MtJ7bRhlokneEa7F7t5cXNZMb6W6PRVeuB9YyHJnezZpIjiChopkbUQ_U4J3V2jwlIPyvf9Ik6fiNwmB2xd14_XQtrLCRNHi0UQf9XHK-FCXweuMC4a3Qhxj4eafr2i_evuU/s0/10.jpg
moodx,Sapna & Her Soul,Sapna Sharma; Simran Kapoor;Shakespeare;Salman,https://blogger.googleusercontent.com/img/b/R29vZ2xl/AVvXsEhmo-us4V9OnSMIJbbyG1VmmNNhZQ8VHNOoxqSt57dUVfE0akk6SUWXgCQcKRpagl91J4JubfGaZ9qL7gZTNtM8isLZFKksO00PMTqtOPF1N0MZpuNF3EEOWZhnqg5vPBWe3ReKjiF085zTQU1ASSKKcASxiuT8WCzWVeAEik9B_JcIw-y-UX5GofC8fOc/s0/11.jpeg,https://blogger.googleusercontent.com/img/b/R29vZ2xl/AVvXsEhdeLU2RvlE8-hZuWUEcgpYlTKzzb_NFO8bkw9skmCKz8afY578Zcu_18GkZHOKcKOMhIi9LQUlQL2JuKvhsvbgnNu57t5oBkPfxgycCph3pkH8Al1P9jpKSlDyYmV5BU-dq7bgzHVMD7ThXOXHJ0GSYeUk_amIdeR51ZMEEAyoGgVdlf-LqhW69rFjXtg/s0/11.jpg
moodx,Hast Maithoon,Soniya Maheshwari; Samiksha Goswami; Sapna Sharma;Irfan;Sameer (Nikk),https://blogger.googleusercontent.com/img/b/R29vZ2xl/AVvXsEiBD2XaD9NIycuBxG-7nIyMd8m6ftBVv6hBn65HXgZKTdaxV0ohbzDxxuaNXd5gsqNMgabrJ4HZEIWLnKxIJ3Jcct15_b1ty00uAsjiyuE3dO-SFe5WdA-DupS1LCUKzfn3ECG7raCH5gZ3EzhZtYdo5UfijE9O-EL1kv84TXktN0p8_fOUTkxYbzb3TAM/s0/12.png,https://blogger.googleusercontent.com/img/b/R29vZ2xl/AVvXsEj9nFga-cXrgwdWSm3dWGFVCuNRD1Q3wf9HKT6-ZxKwFHvi0cIERnHvH3OciF-tSG69Dm87AF-GLABW-iig6G3CM1oHgY4n0Dj_b7weHbtvBUp7oxVQ6z1mbvyZwyIbzskPTy0k1d3zh3YOfNsgps3MKQWxZ6KnoEe1ZSXLVeYiZkCeZm3UynviIU-sCJk/s0/12.jpg
moodx,Baby Marwa Ke Manegi,Neha Ahensai (Rozi raz);Bhupendra Jee ; Sameer (Nikk);Irfan,https://blogger.googleusercontent.com/img/b/R29vZ2xl/AVvXsEjeqdA7wbhTDIf4bIqwC-fsfxVKCfF9Q9gIhv2a6JV776cUET9wRHFodsmmeErJzqdD9da0XniwpvztDVWJAslo1trLmOtTmh391-TVzrx1yNFYGcMHhCrt0ASyrY8Pm1SeSUZoqEogt60Q862y_W3CQDLu5o7yDue_iWR2dSYDbl0UfxFJW4nH22PedSM/s0/13.jpeg,https://blogger.googleusercontent.com/img/b/R29vZ2xl/AVvXsEhvHJxrujVHCNBM4HVAIie_EHbvfmBiqt7uqL2CAeABrSrjz9h7wAiRdmrGxt8BuVl68_b6Xzv12gKBzZKVXl551qgosd-eielNi42EGcl4upSWXT1Cu9RxyjWiLwbJUqDdzEITfSZaLVVVvytMizeS2m05yAi0fsZa2jEYHKOSxB8tNl0UxKcykpfpZfQ/s0/13.jpg
moodx,Boss X,Rajsi Verma; Pihu Sharma (Pihu Kanojia); Tina Nandi;Preeti puneet kaur;Shakespeare;Irfan,https://blogger.googleusercontent.com/img/b/R29vZ2xl/AVvXsEhRC5HC8dxhNWFzyCxWm5v2NqZ4B6vLe5wqxXE2PoZiHazHJPeKIVjrtcazmW35wznyr4SDkGYCddOafT2ewyWyPIDTbXRHJvt5EWBJ5mdkGQkcqnGDGRtAIP9scI7F4llcwwxxatebFc31xHQa4ManL21lROKa5aInQ3lGCk9U1GbQeMK2ySu74ljoXrc/s0/14.jpeg,https://blogger.googleusercontent.com/img/b/R29vZ2xl/AVvXsEiaZP8R84eKlTxWfcn76eVcSiTFp10O8NZHTeHFLCy2HryUsuGFvRzGhdNFpNxJzYzWvq9rQ_KyhLo_TFqd_y9WRi5qZ-AYRehNDX_KmWeXI-yOVs2qXHJCG4Y3zfR98LozM2pAHdVL8yGoCW52ClZZSob_wJyLdv-KR_IyCWMGjLSkCre2r6ZAG8eCjrY/s0/14.jpg
moodx,Kirayedar season1,Sapna Sharma;Aakash Dwivedi;Raj,https://blogger.googleusercontent.com/img/b/R29vZ2xl/AVvXsEgPpiGRlxXGOrcpLB72mLoBrK22mRuuvHhpMQTsDBND34nUwEXXSbxV8XsTp61DhbB_0sWCCw4Ojmxl3gvUjeOen9NA8-WZHfpvj_36Imx77GlugQN47VZ4l61jrAO2MqIcioal9Vz72YLJrI99wXXNzjBJxbGK2kc326C0Swdt9fLK6IcTAbv_2AD4PN8/s0/15.jpeg,https://blogger.googleusercontent.com/img/b/R29vZ2xl/AVvXsEj0H9tRkfY62SHdc-RUZsoaRgKAVz_BXpfs6Eh4FrBpvUu1U9pHJ8ffYKoyemf1XHn-78uEJ-YzLvC2HRiiKf34Z-EfcKKNhk9ciJK1qmoz1x5dd2u8UEJrl4ZjFpFA-fyAXszpQ2NOrnAlIOFtj8SDMX6oQsLmjrRBZ593llWY-dSgw7bJkflXuKRz_gU/s0/15.jpg
moodx,Mukhiya X,Preeti puneet kaur; Gargi Khakhalary;Aryan Desai;Aakash Dwivedi;Raj,https://blogger.googleusercontent.com/img/b/R29vZ2xl/AVvXsEgBCKrGE4eODOYNb6mkJp4T2O3BYOUWV5rx3_hAd9jrc5PYdE0N5breXrAtd_mfD2oHsLabhrMN2O9JxIeIly4b6D2-WG82Rgv6D9dh2n-Yclq07NAQM9deTy8ua1tXtKvU_rDhaS78swInMgqEt-YA74tF6krDQPtnT_FXYNWaSBsSbWYIJ3RoD5EYUak/s0/16.jpeg,https://blogger.googleusercontent.com/img/b/R29vZ2xl/AVvXsEj2EqEgsKzJMsrwFhAIVz5PdG4Mxyfd3S0J7GOGeiX_zyYIykwUma3MV2OL2laqo4NiAYPXmFshhIPyc_ggJWX512RpWVxH8DkynVIZFRQK0b0z8dfimMlcsWm00-5Uy4yiw6HUJlyYAty11YxGOFmXyAdlTIES0uwhx9zbtgktLdEpB8syMZ6bjD6oHXA/s0/16.jpg
moodx,Purani haveli ,Neha Ahensai (Rozi raz); Alka Raj;Sanjay Mourya;Ravi Gosai;Raj;Meet,https://blogger.googleusercontent.com/img/b/R29vZ2xl/AVvXsEjBIxxAkEoszr41nFbkTd7kiOcnp1ViIBR7QGOYD5hfNG1j_HMm1jgXxbQaud1Kk48Yg4ORWWptXjeZNfBStanysrY7PlIylANqJGCNt7jMEVvSEZPU4M9R2_owPnDWnGzR1Exkox8Wbff_YysDfbfdGp-ZkLXbKvX-f8SZOJJbPVl4z5i9n1BPCuA6b3w/s0/17.png,https://blogger.googleusercontent.com/img/b/R29vZ2xl/AVvXsEjtpc92oeqWa8ERplK3zjnBPUcj-atRN-zXgOhlLsoczMDKx2B01mtq_t12Vrs4AonnkBK0Q_HnLnd3XAuHaxAbIIZQiEug0drMEgQQn5Y9EHmGn36hMuD-YvT2cWDALtMKL2MPiEKilhulFGoYnRtOLqGSVnteasWD8fXRag9rbJm6fiTRieyHs_8R43Y/s0/17.jpg
moodx,Sasur harami ,Neha Ahensai (Rozi raz); Alka Raj;manhar Kapadia;Manu;Suraj,https://blogger.googleusercontent.com/img/b/R29vZ2xl/AVvXsEhgnWaDfQfKFcnBCN12JaaeiSqsSeJMNGO1atbjVbgQAfVG8jfsuX6vL2KA28QHy33EUiD4q0Wj5jUDmkAOCHv_6fizchJPHpC58DRChWxp6UXpNp3W5SKBDYfHaJQ-obRk8_1S31v0V6bZKVzPjovFC2TBOnxAikAkzJ8OPNz3GNiG_cPJ9XJvh-_OU38/s0/18.jpeg,https://blogger.googleusercontent.com/img/b/R29vZ2xl/AVvXsEjUyrc4T5wBUTWIJjTrEK5CY-FNOoiY5ylh_T5T219Rc7_KQsuG1PMJsqHssxswn-yLpMJUEzbIufGGPk8QGhYZBobpkZUgtY_DX5cyNm0hwOSzLJMJQNfjTRRD5avEgG3sKiJnz1Aul30NyPPwo3nJWB_8UruqU_B1n-gH6S6mozw1oz9e42ZdoMkM0qg/s0/18.jpg
moodx,OOYO Kand ,Alka Raj; Pihu Sharma (Pihu Kanojia); Neha Hazell;Shakespeare;Sameer (Nikk);Ankit,https://blogger.googleusercontent.com/img/b/R29vZ2xl/AVvXsEgI7A-NnkjXFDprcYEnGywI-qJLpW9Pjo1v7ZZ1c9UgwGHzZ96228vDtyYdmAnmfW_7clf5aUvcJbovt6JTTLffR5t9g47GbfSYy4wfEyuvZARZC3AIJFWFwZsT1O-XzMA_-Ys6W-sq5flSsz132ou6_VXlZapTG4Aq-N_xDuUUPKakGJVBS0P5pwlXflI/s0/19.jpeg,https://blogger.googleusercontent.com/img/b/R29vZ2xl/AVvXsEi12wA2z-HeTg_IkNmENg-rQJjkXKbmtaAJEFlkzw_ay_M8r7FAdfcsoW_2Z4If4uVpNGwDX9TdOc01QBR-NzzhziTLbPOj6rtCeiCw6mcD9bVLOYmzoAOo4_4-KGUjAfKNcBCkRgdxxgQ3imIXP0p8NcDV5qvWWSuYUaH3B4msGbeFga9p3GQAw-3a-AU/s0/19.jpg
moodx,Leather Currency ,Gargi Khakhalary;Aakash Dwivedi;Raj,https://blogger.googleusercontent.com/img/b/R29vZ2xl/AVvXsEiggbJe7Bwek6ciTYJaIneDpUlNhrJXhUjgFQn5AHjncEDbmUyGU7wx33jHEoTyLSbje3CgP509OmLj8RTWuFyq5iPRu45lEvAXvV7MMaRCc05jCX9Ol9OQivB2OT4Fc3QCynXRwvnlkXrxTYVvFB34lD0kHyIdDUu4mGgRWAvrOz40Qe1FN7HScrY-V7M/s0/20.jpeg,https://blogger.googleusercontent.com/img/b/R29vZ2xl/AVvXsEhsTXHK9aEuAkhBXm8Uu4h1FqJHUjFXc4uzgM5S7ro0rTBTe6EUc_4RmdqIAyn7NQiSQ_aWy1MgnbUDw2RMFbGEylxJjR0NmHPR0pIGpFtDyvqIIiu7Ym0gjsJDP4qqybhfK3EB3C-bHQUNQfstznRAutjtZjKNt8kdZ8hyDLFZnfJtp8OXZ3C0ysV6p1U/s0/20.jpg
moodx,Dalal X ,Alka Raj; Pihu Sharma (Pihu Kanojia);Shakespeare;Sameer (Nikk),https://blogger.googleusercontent.com/img/b/R29vZ2xl/AVvXsEirAzqLaDKk9s8j5-OzDTnGRQJ-0JhGC73ZWW9y-qbA8QFmZxGO6uAZrC3vJSQlsaQU5wNQ-y1o7jSVIlvrZywsZSmK9dhFGEjYkFuZwih-NgQrzJwOKJFdeC8Rz-4xUnZVXkpyc6pyLyUoQbfxE305nuHo6GK3X5_jU4PCm3bb1E8ZbS4r5thEHVAzxas/s0/21.jpeg,https://blogger.googleusercontent.com/img/b/R29vZ2xl/AVvXsEj4X7yuROFqI4FQocH2a1OScmJM2SON9IG4LROwrIk6oB_svvOu_U7CiEr9jnMXEzRalezbWhDPsn7RlAoT635UeZ81li1tDsgRx6YC2fbnFdqPZsmUjxP6QvPjQ2e3fN3kdzqApcJ6O4dCUkOKJbKy3ww21ove0zM0zeF8DH-T3FgZjxjm2_1jQyYF2Cw/s0/21.jpg
moodx,Tuition Kand ,Alka Raj;Ravi Gosai,https://blogger.googleusercontent.com/img/b/R29vZ2xl/AVvXsEioBwzGtJW4xJu_dlX1Gv4D4rsY7KY5Y4XlGHNZtOKJSJqpAmy-UXpQ722272jxL36vRfYt0BYLeHyDQTtH7ieylhroVUOgJIr9ajaRwsXHVYU87_2Y73m7NfGAWsgkrrITYSWerGPzAGw2LwCmwWfQbi_G5jZ7p3orVkUoDGqdPDpoGD2v0evZWP8BM6U/s0/22.jpeg,https://blogger.googleusercontent.com/img/b/R29vZ2xl/AVvXsEhUvBtxWo2_y3nDYBO1jgwGHClrNwr4tR8gOLeL63A9DeWwt_D8Gsl25yuhjswMIxR40wJzSDMt3A33tXu5mVPu-YHO-PWiqHmtor8k0IQ1XtG5mUygbToNd4ILR0ZGdEQVgWaueK3SkIvpPe6RDMyXaqwEQ2BU-KNEhYBgoDA5gcZUlL6lOmxmfUk_k8M/s0/22.png
moodx,Ling X ,Alka Raj; Sona Singh; Gargi Khakhalary; Pari Raj; Sapna Sharma;Aakash Dwivedi;Raj;Aryan Desai,https://blogger.googleusercontent.com/img/b/R29vZ2xl/AVvXsEgVPFweKhuKqxQKlenEK3UahRGxvAMo8Z7uU47UZay_lAB0JtrU-tctuqiBM0Odj7_UeUonuoM4EgaBmnPnrmZaF12v1KQH5YQmFd06pzTXTrux25jvCJFXxmbRWSOx9SdZyAtnx6yILEU1Wm5N3dG1FJGvbAeb4pUK2FLFMOUDE9j1X3Py9R-cSOEjbSY/s0/23.jpeg,https://blogger.googleusercontent.com/img/b/R29vZ2xl/AVvXsEikbRVeVNGpVactjJIQ3rqDzHAO2WtxUS8lSYH-DexwdujvniqOL88XamrQORpkCqecEjjSj_XlSUYioCTPWZndCtI2PqGijPhrUEjuA2vfiGPio2GIQ8muvvdalLWTrtzYnkW0ZoaQFoJke4fyoK0yRCYu-upNfcA3iC5IyYM8zOAzbyZLyPKY4y5phjw/s0/23.jpg
moodx,Masti X ,Alka Raj; Pihu Sharma (Pihu Kanojia);Shakespeare;Sameer (Nikk);Sumeet;Ravi Gosai,https://blogger.googleusercontent.com/img/b/R29vZ2xl/AVvXsEgMSGBLEFR89P7hA7tDL0YpG-Vkyw01zwFEhhmXOMahfCIbnECNIg1zZ6nee32w1gaL5MRU-zN_w4WBMCpMeFNKNSWwHEV65WQYwc5491xx5nhO12iRZMw6TOHkQoYtvQQHCEjd7PaJyca6p47curM6_9NLEDxsU-T60vOiMqLmgMxRppCM9RVd2OgB-Cc/s0/24.jpeg,https://blogger.googleusercontent.com/img/b/R29vZ2xl/AVvXsEgwoRcZ8WKU5j28IMQMQZsb5bBD0rJhHyblj6PGDIX1agwLlkQ8RjOLa-tp5U3z-2tScz926LebyTrWDrhqE6nBTKTu8oZaCVZkQHuKCUMojfG8FDOrJyj8YwrI6O87Em93pEZIFkTv718ORclHtLyv4JNiIThP3vmXjw_BiJEZhitEa8eiThHLe6nIJK4/s0/24.jpg
moodx,Noukar ,Arvi aka Sanjana tusamband;Mannu Singh;Suraj Yadav,https://blogger.googleusercontent.com/img/b/R29vZ2xl/AVvXsEhwwzbEjea4hasNMptjMdklv1rNzDp-EWUYpy1UOJQuoTlQEN2Dg4Q_rRWnOirSLlq4WHSCfnTEymj3iWV8qM5e4_jl8pGIJxGFbBUo4nWpoftj5hx55KWU6Aab_dR7ShR4RPN15bGIQVTu3UkGZ5P6NcGGJV7s26am76NzFNX6NZrCGMjySWROuYXpTv4/s0/25.jpeg,https://blogger.googleusercontent.com/img/b/R29vZ2xl/AVvXsEjdBXHrNrreiLSGkINI-IdMoKd6mbYzOgyFynlWa2Gvziqedu5zSlDxgm8ooJ6LaIPlgcagnOVt-ConKynjO14aDl9MvtKFOKqZUGIDn4ZCv1FFGjjpSgdnmdOfticDfeX_YANBoPb8Rp2qu3qp2Vqv7gdQslOSesZbl3ZwnPq-NyrTOh51YoKlIfQWHFg/s0/24A.png
moodx,Harami Zamindaar ,Rekha Verma; Alka Raj;Sanjay Mourya;Ravi Gosai;Akhilesh Yadav,https://blogger.googleusercontent.com/img/b/R29vZ2xl/AVvXsEhzTOBaT6nCxrblsUdmwlmPI2uPhMHZSqtGsTnuIaSeR_d7FPlFOHVbn_DwZfafncFoJYPaVXZKLCnFJfM5RFMesK5VJddqiMDS-5qY7cgxkRlEnuo9raplKNYRpX7lkuCl4zSLVVAg81DECNpvTesyDUhGl-92-9_0XabhupByoAB4jAfgok7McA_1qts/s0/26.jpeg,https://blogger.googleusercontent.com/img/b/R29vZ2xl/AVvXsEi3YPTqCOZywrw9F1WEp9bcRCw_rkvikuo60lDsiVExnwICdclpkOaABiIWbIHer3vtC3cQw6VlplC4kbRT4ZsgnoUpAHRhdc8ofoIUkVVXSy0F_Olf5Y9SVxLgBbnV2xRK6MKIohykWM2RSZZPk6Ik4B_mpd1h9dYTjH0PVlwlp6kS4szShBOV40wmjRs/s0/25.png
moodx,Jamuniya ,Ritu Pandey; Pihu Sharma (Pihu Kanojia);Shakespeare;Vinod Tripathi,https://blogger.googleusercontent.com/img/b/R29vZ2xl/AVvXsEiFhf-ubBlF0ZxfSehqrfLg8Y4d-KqodebTS32LjkfJjzGeoMIqNwLIGGCSgNzKgJ5_rCK9DoExhR1EC2j3MyDRKcSG9vkXKmFn7Xc2bXPvXB0iRxYxUfQFmLLl3DOWVpO8wV7rB2xJoFsWk2tEL8kvgyx9NcewbjOnhiw-IBW0PydyHmDBOOj5AfMkAMQ/s0/27.jpeg,https://blogger.googleusercontent.com/img/b/R29vZ2xl/AVvXsEiSVbP26lTuqXfty72oG3vCDVbmLbsndDO2dUlElp63r_9-LjISYRtNZLEmujzc_B89ii1-5KMX2KGhWkpkfl7UKmL3u0Zv3U7Rq1YaXxZ9_zclvX4mNr_dIdbp7z3nVWu9VVTHiXPDN2eaeyZGs54RaQZV4rOIGvGOyyXbo9YKW9HMnlfn9Uoaz7kTCc8/s0/26.jpg
moodx,C.E.O X ,Aarohi Patil;Aakash Dwivedi,https://blogger.googleusercontent.com/img/b/R29vZ2xl/AVvXsEgjgDUctSpTFx-EqRqDL9rmv97tyP2TASWT2oxXxPZ7nZaAUvRxFIeCv8pz0e2Brd5xMi-Lvu58DDitwRbsim4XeO7y5eSQGmSOX0bmRviJXKGU2XfqI9W65TeAv77DG4ofpaimj07w9v_Rc8-A80ylVCWVpF5BFyq0UZsxoXjxW_ob5RQs_oWlBE1AR2g/s0/28.jpeg,https://blogger.googleusercontent.com/img/b/R29vZ2xl/AVvXsEgxBT6E1935iV0f9grJqReq2KAcb5SiFc8Ca4lDXHt4OdqHxynIHvMnnKC62gAxuBn5eX1Ek-JpC4pYRFlqgpyUOetT9eX1nnJPYT21stH3_K29Dvj9c9NIQHP3DW9ISChcNuRc7G5kWpteTio87OanCJ3DX3_t9rNxv8TtrqdLNSmZbp_Nia-Irv3Zwug/s0/27.jpg
moodx,Sheela X ,Sofiya Shaikh; Ritu Pandey;Divyanshu (Avinash),https://blogger.googleusercontent.com/img/b/R29vZ2xl/AVvXsEg8wRtyPkvhUk3RUnStDWXTaGtFVBNrIwQ4XqqrZ-1MXew8pttaqof4kXykez9tRsnxmZyGDkERShWxUG3WBNk4riRyYFgck0ME23HuZ4s-9cgXf6dRdNjyh4QXGmVkugDKUDpiE3_8X22xObQQhQ4JclYouibUrm6cyZPBaTUh0KJEuJf_SqmhnaZqPTQ/s0/29.jpeg,https://blogger.googleusercontent.com/img/b/R29vZ2xl/AVvXsEgH_QWWV6AjH6cvK1nrQiMiRMbogztjNR9PySC4eytS8HwnfxDzx8qddbp8RqGbhxn5KPYYKDVYMu_Mt_W78OLosRrcT8V5gZ8YY39e-HHwibHLa9R7vOWKJt2ILesF0A9iixyXIdcVZiC4Sdj-Ct8eT0I6j6zfBkk5iPXCkpru9ct7PrCA2LTY-qEQsKY/s0/28.jpg
moodx,Sheru Bhai ,Soniya Maheshwari; Alka Raj; Neha Ahensai (Rozi raz) ;Raj;Sumit;Ravi Gosai;Akhilesh Yadav,https://blogger.googleusercontent.com/img/b/R29vZ2xl/AVvXsEhgr_Lk3JhFZQ6I93-BUEel1UVdVpRpWqqz1lNQP-d7titD8tykECJ7THCVGADHW2udDg7-3yOc-mPZf04cavEjOanWLN9AMM5ae7sKZtP1lvKo80WfMrlTXUTQQPU-m6ZgsmGPRhVpY56glQp_45M3XvL-tZv14AJTigX_KePoOsZk0RtxHeJA8WlsTQ4/s0/30.jpeg,https://blogger.googleusercontent.com/img/b/R29vZ2xl/AVvXsEgUWddYF_Ajs1XTX-aBWLw9m9Gnr08OdpyuOb-rf8juWpUbhidGdFXL5Fenm5Ce6klXU3yvC3BqC_OzNQu400ZDshEwM-FNe7tThqObK57HygApd46_fHNfIqAUoYQ928lDn55epUu3GYiccGiehPatbchzOOP-AuJcgCd9tJdYDlqIi-a1VCh3oJ7s6H4/s0/29.jpg
moodx,Sheela X season 2 ,Sofiya Shaikh;Jony,https://blogger.googleusercontent.com/img/b/R29vZ2xl/AVvXsEjh82vx4NHmCdxXR8YliYw42H_3Lp2OvtaaY3MgLCx2CMlLn17iIRoItdCV-VMpz467frmu7vGKVPE63EWC3YpIZLMrVyLBbijeqZCEClV_C6JJ4IPdfdPTSUTC_lGNYnKUat8jp8blo5SCRsa3-xRQw-g19ay2j8HmPbryZulmimQqa_TVsDLkJ0eh0qw/s0/31.jpeg,https://blogger.googleusercontent.com/img/b/R29vZ2xl/AVvXsEg1clfMVPf51enyBl2DEsuXRBqejAY04vwjUSAk6AqGxQa4l27YwbhWlEGd_lTxMi9rd31CviEPcPN_gFR9JgztyoQo3hj7qoRmTOvaZOhxqbpBBsrfRTUTXiYkqmoLEMAlAuZREsFFFbt3D5U8-MNiaBae4KgyekG5vHpJzWZ9I9EpaYy3OmherDccTCY/s0/30.jpg
moodx,Dark Love ,Hema Biswas;Aakash Dwivedi,https://blogger.googleusercontent.com/img/b/R29vZ2xl/AVvXsEgI9gh8vsrOT2b0-xwpgOIORKTeUQaPoOL_qx3YGxVEaVYNy5uCVaM5AwKbibldQ2qy4OmPGlSbNdoU99tVLIjbdxBeOz9sZ4jMYgkCpQ9-oNTCXFETEdT2nie3okb0a1sP-Dup0-k6E9SAarCXU5Vt1i9s8R4pUQnHAAV_S2znkaaM6biF4hVhb6-2WcQ/s0/32.jpeg,https://blogger.googleusercontent.com/img/b/R29vZ2xl/AVvXsEix0iZRxgV7PxPC5vyvSY7MwJApRS63W6DUqQMRMjPA3eZCagB5d_HCdvS9e-v3-DQXTM-lJGau3XOVsP6cMbstFjE3bZyjAm4p5OkhuYADj_yTH_HmDmly7CXwPIWMMki-3dGhrtn8foZArOJVablp3ART0jyWdIuOlrkT_rjIHXfYo1ybzGoWD3zZWzQ/s0/31.jpg
moodx,Serial Killer ,Ritu Pandey; Vinod Tripathi;Akhilesh Yadav,https://blogger.googleusercontent.com/img/b/R29vZ2xl/AVvXsEju4rkIWZYvhN1KYkfmc7zpyp8zTFk94fSwiOgZuld3lgqVJjzxZWs3QsB0XBkcMwYoP6wgXQYb-DQRdwPO2yTw9oOnnG0IrolCe7jCLPj6nf2Dk4fiE9e0o3BKHd8gwLpAtuc2GLPNAHZ2u4F1K_5vICvV39P1RL_jxwc-5BVM01h5_UHf7kraU5-acLc/s0/33.jpeg,https://blogger.googleusercontent.com/img/b/R29vZ2xl/AVvXsEjRM1rMM_YG83mJ2d5c-_G219YkuCMYm2X6RxwFUNfvSLljJMUn1IMIjJFLPY3OHADmO_cS7gocR5RW-sj9C08PMs-kEel-ORR72BwaSaukaJw9XwB8kZUj3IPbI2rn0O-WGHdkUA5ahVZ0fUyPtvIRp_34EOz5ELOElGa_1zMsPw5khjCJWSnFu4D-6T4/s0/32.jpg
moodx,Sasur harami season 2 ,Neha aka Nikku Verma;Vinod Tripathi,https://blogger.googleusercontent.com/img/b/R29vZ2xl/AVvXsEgaJqCdk1yO5kbASODHYYiOgJ6hk5R-NuRhhuXgDVSGEIaoXkAQDDGXGJ2dhGHeAAu1d2y_TcRLnsjwK2er8y8WIqDwDMAru_GIDUW_BYDrBMqzW-BfYkivSIRsPEPCYIqchhstv6GfzarqEjmG9uMt_-AqGm4D-2zyiyx7y9PoFo39lV2dMwu-Nz8tOaQ/s0/34.jpeg,https://blogger.googleusercontent.com/img/b/R29vZ2xl/AVvXsEh6QOLBhcwZolcavSYQunLqNprS1ggkBj-nuw-Hzp-8gmFV1prJj28r37Q95HeaZrPTh6FHAsPKP2yB_6dVELLX8QS_w4lBaaIjcaMRHFBTdvTNlIsLVNdjFucJKEMfnkEcRUnA6DvdiPtoA3M0HD-RAkL3ZyZZLTA9iEcdsUAnHRI9ekNQeXLa8Fsygkc/s0/33.jpg
moodx,Dirty Dancer ,Dipali Bhabar; Kaira Sahgal;Shakespeare;Amit Kumar,https://blogger.googleusercontent.com/img/b/R29vZ2xl/AVvXsEhv5X5z4lgrpDjQeGB2stBITpRtnIggM4PUCB5fsYZg6GBHW2Bqs_L4BNbspLSLAjFrTOWRQKnAt4co_tkQVYMDv4y00jO14Yn_TsfIO2llY1AchYUwjZZpqC1sXyOUdKqCWGGeNGj1FcmzWQJvYtRaV8KlMKlOndCgcuitE27AQ4EKz4ILyx3YLkDYGNc/s0/35.jpeg,https://blogger.googleusercontent.com/img/b/R29vZ2xl/AVvXsEjGTZfh_qpera-AR8olaADZIWZs0pP_fNlalnnEFQxnf5d0wqOWLlnW1wtqQy7w1KI6jsF-vEyOGZEP3SSS51D_18WZrgwZIBZNgd50cSfYH_a0pXlTkH5PwOsdy5_pfw8JYod-ArtdwNjQQeAORDkLM_OdOZmg7FkyJqRo4GJ3hWs86Vct9Q6BOG3efsI/s0/34.jpg
moodx,Kajri ,Ritu Pandey; Gargi Khakhalary;Raj,https://blogger.googleusercontent.com/img/b/R29vZ2xl/AVvXsEiStwh5zpUbXiDY3RTP8BHzLvY7hq-EDHoN67tkABXj3PnU0oEGGHzN34OrJL47Bg7Vh680kyOzKKEmFUJYDW7t5kDQW0OtddE6i_Y8jRL3wdt7-tIE3keYGsdJVtrfotm_VsSOVxXBD4yo7kWjIxLNMECUZSzeamUoZmkdOegSjgZMUvafIxU0PhCJ0XI/s0/36.jpeg,https://blogger.googleusercontent.com/img/b/R29vZ2xl/AVvXsEgx5DTfs-VxkH49UKwxlxrlsnScS8gA3mxHv_W-Q4Bs-6BTm223omI90wzVUQKgIv0tFfaRgaa4cO50EhqrE88idBBZiR1_dWMnd84S7mgClgd6H2Ch5nKf8htAkSCEa_pgNQ3hGvutZgnuYZiq7gb3sdicqgfuB8CLWkXXzydmbAdLmC75HGDGYHx42SI/s0/35.jpg
moodx,Gaon ki Gori ,Kaira Sahgal;Shakespeare;Amit Kumar,https://blogger.googleusercontent.com/img/b/R29vZ2xl/AVvXsEhY9EoyarUVvl1w5ZwxeojUZQyy6uUYjFSMm7bch3MOI4iwnhOJnMFK0Z6giRzOjAnSkCQtUNyO5uDkvjFcG-eLPzEksj01oEeeXsobHdaTM2p_Hzc1OC7tAfHfdfWOZWbD7wjnPOg-fdBTYwSdq2fpGJlKv06YoeJNVKvMuNRn4o6zip_O6mFG1Q-B6Rw/s0/37.jpeg,https://blogger.googleusercontent.com/img/b/R29vZ2xl/AVvXsEicNRsHmIH1tFBLKBSEfzc_GBKRcQgEHo-im74ikeAUNmD8A-06gnfv950faJv_ZGbIQDzCnV-NiPcthqPJcMKzZ54wdrk_TIZbZUAgXdvMSlkaSiwk0MISEE36bs5V-4ayGAdlLD_DOhUVfhwKBlaH_BFtRkai0FHW2wGsK8_FSDPlAo7CFjPjaQ2pDqA/s0/36.jpg
moodx,Kulta Season 4 ,Sofiya Shaikh;Shakespeare;Deep Singh,https://blogger.googleusercontent.com/img/b/R29vZ2xl/AVvXsEhsPYDe6YxP8ng1KBgn6oEjaff9yxG2hVLh4toNIZxV9q70GEbR-pQgOULXHCOGEFUk1EywdIA23wXRCoPvFhOdViHOQS5Xt0H_1MM3uk2qlUzjOxmC_HffwBnzrvKoI7kIEamjS1pv5KN1RAxQq4dEsIDVAuJZ9hLMDozDTdnx2caIo0moLyFtWn48yFY/s0/38.png,https://blogger.googleusercontent.com/img/b/R29vZ2xl/AVvXsEhK8JLCzA1GoM9v1o6mMqeUr5FvOaYwGr7PhSMRb62l7yQa4o_eEx7tlSfFvKOsCJlv1PeYeWZWomuKRXKqtGRhM3ujoOLF2kr__7hmnUxqocAmsNJ9nUtkimIXdJ4JHL43CL9KqwSqitLcMhdvpIgvurqZeDYTpp9cwHWgoMQ7BZDGtFZjueiW87z2ueA/s0/37.jpg
moodx,Bagalwali ,Prajakta jahagirdar; Nia Patilvanshi (aka Janhvi Patil);Shakespeare;Vinod Tripathi;Akhilesh Yadav,https://blogger.googleusercontent.com/img/b/R29vZ2xl/AVvXsEjSNrbw9RLjHtXOi6xDrdwLmNabGApphVpjXZZBQDTQb_lClfch2K-_DZ93m7GdUzYo1TcgZCqz9Y8sHTwUxSdPxmq1dDueLIzGZqe_74gWHNQnErw4tOCv3xEZf71ZMy4zFt6OD305CxkpoSXgWxzQNz72vfEg5sObWWcgijHnDRB9skTDC-0YK1-7YLU/s0/38.jpeg,https://blogger.googleusercontent.com/img/b/R29vZ2xl/AVvXsEgvXmfYmRqRN2-9T1xipnOtuidtyWzRvZOk9ImMjp3sqZgZdNYyVcAS8g-d_6GCJk3iJNhsmBPSrRiqv0-wVDNfrQeW1LxX4G_rDe6LqH6kez6Vx_50MtlP0bKu5CU_weBynuwcVC21AzD2mDh-EXuBCWDKKr_nlF4dTR6e5vOMmX6Ei64T7kS00Icl2d8/s0/38.jpg
moodx,Andha Sasur ,Ritu Pandey;Vinod Tripathi;Akhilesh Yadav;Shakespeare;Sanjay,https://blogger.googleusercontent.com/img/b/R29vZ2xl/AVvXsEgIvT8NChm1xkPYDcLLyg6fjLHlY87nAskI7cRJC3ayOetnLcfzUjIWiijShv_D5PxTJQXd-ixa-4-iK17Lk3PXJ1VLTllMxip-DQo9m0LKUJq89BtTwne-PLdQdSnTE2JpNV8594KhI0NZ6nCHLihz16I34q_JgMaKxpxYuw044zhJsIGQ_GLasC7Ga78/s0/39.jpeg,https://blogger.googleusercontent.com/img/b/R29vZ2xl/AVvXsEjrGl6LCoogq5sm65_8yo4hcCzs-YO-KcWQiQLhe5ig5qRbScUug47o1SCvqHHpVOSkWP3DqzYHZIXbhoqJrF_Vs2I7Y8g9k7LgfQDU6eVi1oMRwcOt2oJ5EldgWiAWSi9QfFv9OgV2I5z5BlpKQbxNIkv1A-HjUGE3mxemXqCoVFCdpv4bUiWMDwdMPnI/s0/39.jpg
moodx,Jamuniya Season 2 ,Dipali Bhabar; Ritu Pandey;Shakespeare,https://blogger.googleusercontent.com/img/b/R29vZ2xl/AVvXsEj4_5jieNOQ5xdv6E4aTA4oCcIMVu1dvWF0MeAUZrDs9WLTKhdyQ3CKaDcl3iGk6ggjHGJnzqpb94LTC0k32WKDXRcTPIDg8FMvatMkpkzE9e2_40uXQedGg2kBBdk_R0SD9JXY8QnKdxJS16dzzdjXwXFUoPY6tcDueptNdbi8fKaXUsOrjcD5GJ6SZgw/s0/40.jpeg,https://blogger.googleusercontent.com/img/b/R29vZ2xl/AVvXsEj3F-zOoxqRDyzEjNkxNt4i1uvlEVMZgdZZMcSXWJQC8wBMVMKmihuqSMHXez5ecINZVfSuAtm01JmpLRq9ynsvwiNptrlKGa2IRmSR1Jt2ZelRJGuPvRCC2ks7FCqalAv9kEN2ZrcXibthMHinSvN1PJtsQO7oL06XnSd13v29TzbcD9flSvMSQjXXBZY/s0/40.jpg
moodx,Pagla Se Pyar ,Anjali Thakur aka Jerrynaa;Ajinkya;Deep Singh,https://blogger.googleusercontent.com/img/b/R29vZ2xl/AVvXsEjw1jsmkMswf46fojcVDE5YFl9qbfWIsHyI198t110p95gGbuGrTUCo1vRmttkvlfBv7KOUycYIkDSMpnMLNJurYzQXpU_AexfKsj-Zt1tAac-pa2kJ08qMdVDrmNze6j8Kf1X1ZXCE_2XpSWydxiLw07IrbmqH91FxrdYQ7ioE2yQLcN6cvlLzVZqqkdg/s0/41.jpeg,https://blogger.googleusercontent.com/img/b/R29vZ2xl/AVvXsEijlt7sT7lt9cxBy4Vuqs2njXw7qPgr1KbqmPCmW5glU24VD2RVO2vV2bRSaq0VURop8vDUD_nC2Cetz14UdkI0H1h4zOSoxgOyRXqMj9NK9PjPduSyyAM2EpzZPhJrVB29Cc125EUQYFNVAFnfNxcaLPweBrPNZ-7z8ztZv73DUgaLT_dCarXhrZJUU9I/s0/41.jpg
moodx,Gupt Shiksha ,Kaira Sahgal;Ashu,https://blogger.googleusercontent.com/img/b/R29vZ2xl/AVvXsEjXaL-4gEUSwkvsZ4QIxTdpm_Au-3g-i_8Z7BXBlIu2BPK4o242K99qpKgoK8Rph56b2IO7Q50F4JN-auRiNp2ZCnmyc0Bog-FVw3-XNO_heFlT-zAFsbVw777jzPmlS6XoUPb8OLwzb_aVSI6rBUy2s-jYf5q552MEjooY2bVCN6Y6ILH8U_Qxw0JBuZ4/s0/42.jpeg,https://blogger.googleusercontent.com/img/b/R29vZ2xl/AVvXsEiwfTrt-_5W80BnSSrLx3GNJQEmYobMev37OdmoKXcxd9tcL5CKfvcgYmoYTDUFJfO_-c990a28SEqC21cQSiSjLVmIVHcb4a-LfttsOAaNkKKFHy8p-PjkhhsWj9TjwsdEAH2jt6_7xIVXa6YLT-osztO_8x9j6u6qoHNDuag-LZ5QlCbDFtg3pqmIz18/s0/42.jpg
moodx,Looteri Jawani ,Dipali Bhabar;Kaira Sahgal;Shakespeare;Amit Kumar,https://blogger.googleusercontent.com/img/b/R29vZ2xl/AVvXsEjJV59ZoaTWbvgOKh2hc9rnpx4fs_0baHAtINx36JZmD2AbZ11KwXgkO8I8R-1Vuk0cxYfOF9Wr_aWQ6-jzIvBlew0EFbYsl5uMBVC71fAnGSzL9f_47NaD1TzJGVvDiRfkrVRk9TqKwwOMNKyK8X1RiQ_r14LyvhL0saB-6i-tj8EuMMARflzglGxMCMU/s0/43.jpeg,https://blogger.googleusercontent.com/img/b/R29vZ2xl/AVvXsEhCkepTEc1P9O0hmxDYcXlAwV3l3pj857QISNR16PxitdEP9n8zjmeqzrgwxcdQ9aTqVZXCHtl46H067bGvzDf75LsYBa4YQEQEhhHSb47DmEnpK9XcZHMnZQL_ONuhZfAIc9mxHSAMgyPl0J0j_ru-LoHshnWUfTuHOrLkY3txgp4y28yTPtqT-jONp0k/s0/43.jpg
moodx,Saiya Mare Satasat ,Neha aka Nikku Verma;Rutendra,https://blogger.googleusercontent.com/img/b/R29vZ2xl/AVvXsEi-XdmeVbJpSLvcvfG0Q53dJwCXQMI0WMrnOlx7mhH-cKYmjXQW7EjgGFk_igTJzIGpj3-qE7NUwkkBgMGcgtsp5081rolbmj04Wuyj8KA0I0Dh8MPhaWP-gVASyV44C3CDypzc_4_fmLppKdlDWty_2dExKjDwuWRrQARWFaKUTqI6y-QuQpO7JBLV7H4/s0/44.jpeg,https://blogger.googleusercontent.com/img/b/R29vZ2xl/AVvXsEhYhxGP1YuQK_3WN1pWiwYtQ1XEmBFI6pawiUMYzY3FbFNzA3CGhSXtR88D7U-6U0wrxhnih9aywTwYBTDBCACWiWCpC8CeMcEdrPvI7NyNdDAg-VQ0PE4fxB2waZkmTMFoJj76sV3cZkxAyOEIzI2V7R1F3bhBJjM-XQsW2hEbrRdg1QFcyL4eeTFMnvQ/s0/44.jpg
moodx,Aunty Ki Ghanti ,Soniya Maheshwari; Alka Raj;Raj;Sumkit,https://blogger.googleusercontent.com/img/b/R29vZ2xl/AVvXsEj9nrNFFUakzPsiK0nHIeWwjVT_5f0w1oW84JQ7I-1tbdBQd9MsxrhPluzbuKfLAg9AX3-0NFe_lGyoKQC-jD9KudpCV1gCz-naXdiV39Hsx7wFMHjI_CAET0Bku94t57raX3gIDldRte1lOFC558ZvqP-PLarr63kVTHSCIFhTiEmK-98siexjo7FIajQ/s0/45.jpeg,https://blogger.googleusercontent.com/img/b/R29vZ2xl/AVvXsEgCpyKCBeDxJ5IUaqbbnw3c6z4EtJyhIRLrkKwzGdRKKk5VtLQugSK2y9rMDCkYG7lG4mwGcIUqiq4VBPsTzymss226H1clwQeLsZrg5SJutlYuzT9x0KY1nPqYdDwEExJaoN9T1sYSNNE1avBn4ag9qhBFgLrWrTfppBBSDnQG3G1o4pNjxFc8ovF_fcU/s0/45.jpg
moodx,Bahon Ka Haar ,Nia Patilvanshi (aka Janhvi Patil);Raj Shekhawat;Deep Singh,https://blogger.googleusercontent.com/img/b/R29vZ2xl/AVvXsEh3saIiIwRo-ZnuZq7Iz81KVY3wQW6G_2TvJJqii61TPr6rpIsnytDqFNxbqyIa5XfBN-etYiMctuF0C4BcKxp6FXgQ8beuRVISUcANJ0VCWkgkD3u4uBgvEbfIE7b13-wyyN_hqO_CcsWUvyA36HXqEhw86lKG4Fs9AIr4GH9G8rCwpu-pIEjY3RKBzuo/s0/46.jpeg,https://blogger.googleusercontent.com/img/b/R29vZ2xl/AVvXsEj1-8NhNSucixr1cMVAJnsYV6w6rMRM0PG4pOLwc7ge6WODLG8Y4KLTl-FbgdoEiWPXjn4OXCBtbQOXPKks3cuUozUuqqx83vXsCXTPnu1gf-Bmnk1PleJs7VqwwWTcXSNW6IdZs-bkabOT3yTJVShbRzwaaNYj2AdJT6NPFdSPSj0kvjJv3BvMtRsM5gg/s0/46.jpg
moodx,Kirayedaar Season 2 ,Anjali Thakur aka Jerrynaa;Vinod Tripathi;Shakespeare,https://blogger.googleusercontent.com/img/b/R29vZ2xl/AVvXsEjGwV6ke2jd6Ek9FBbLSUNRIPWf_6tSAIN_B2lleCnOJQc-ZeUE-PuRKmINxdNTQhT1D6ySXOsb0kYs_HnYRVJoDqmazVBiBmaG0Nie4W-popmRI2jX_F6UsHT0H7NksDuk134lyA1GTL2BeBPeMDs2BIB-tBotfJoP_0ib5QODiPsEGKFq8jx8sdZrTNY/s0/47.jpeg,https://blogger.googleusercontent.com/img/b/R29vZ2xl/AVvXsEhPU0ChjvoYvrX7L3Lgn38IvbP9T_-TWqInt3q-DVMiYM660uUD1v7xIdtEwuhWasBYWgjQu0HBCigp5UmtnPqa-n2AX383dw2oIcV44ywRuiaicPrkEMBNWLbBHE2v7WiebVvg2ojc1z_jCxB3AbijExoXt2EVAXi45TY09Z1nH44maLw2jUQIIzpPivk/s0/47.jpg
moodx,Room No 69 ,Sofiya Shaikh;Shakespeare;Deep Singh,https://blogger.googleusercontent.com/img/b/R29vZ2xl/AVvXsEjvcvogqWba9Aat1O7vsgrQGNxwgHC3VYTxhge6CvChu9zn0noOCyKChqFss-2RSUrMtMr8fJQf6oUDj7t46rAe3QAG73ed8Uq1pjy-xYPeOKBvazTLuzlNovLaqjEBHeSAU3Qp-xNQ-UH7cpzK1_dEARYrJe2vJqvw50Fdy9EaqOXNMjXqiX_r-h_VGbQ/s0/48.jpeg,https://blogger.googleusercontent.com/img/b/R29vZ2xl/AVvXsEiVNIfnFKEtw6AeJTWCepoVXPX_3ubDF7U3wdx3NHuQPPDDDc29ju9gvHLsgfjV5ItkP9lHhbcZoQXimyti4kAhy-_LafkPWeZkgo9y2GxH8TvKGLs5ffU9-EmHFQ7D734BfcJuGTs3W9NzW8CmHnNtQCB1H3oqg_BMOQgNM6JY2svYAIPfP_6pzaRWS5E/s0/48.jpg
moodx,3 Jawani ,Sofiya Shaikh; Ritu Pandey;Divyanshu (Avinash),https://blogger.googleusercontent.com/img/b/R29vZ2xl/AVvXsEi5hFpVm1GGX43nRds1e8NIAL03XqGHYM3ooN8XKtJGL8lILpwD3SsDbzWsH8_viSNlznkDFyHWn-S8cz5gXurrTzXpjBH8V5Oapdg792z2C1AgQrLpXUpUwtsXQ5E0fJyeE1sA0GgsprcwGM3v8bQ5WvImHD7FW-OXank0BP_BCOlgWyOdWS51ZpaQB6Y/s0/49.jpeg,https://blogger.googleusercontent.com/img/b/R29vZ2xl/AVvXsEi57W4RBcGUHe5qhUHjNwLReESM2S8elqijROEEG7lIYpNupFvDsebGxC0UMcrinKI4wnTGI6ZSvJ4po2prNsX33KdzUlu728KTPcQo_9YnkdV9v1kwQq0Rehzgcg8mbMAQLtCMQTbr6_yvhu5ukNy0vHP9LaIn2eqdB0WNMONYFmXd19HnYZd_TXpS2Vw/s0/49.jpg
moodx,Christmas ,Ritu Pandey;Vinod Tripathi,https://blogger.googleusercontent.com/img/b/R29vZ2xl/AVvXsEgBclC89ifBjWQJw9RwBRLVygeZk8syoxU8rzAx1HFjln65drV9QCJ3kDJV3Iu4avZm5YA2QIyMl6JVpAFwRuJxzUcZY3gd2RLdQ9p1yZvYQb4fqurSH8v0xf0SMF_U2jTSIgK9rZ4OdswIX_fryPAmSvWZg2qB051AXy5Wfkd0cIX1CFmMgAUdW0qEZ2o/s0/50.jpeg,https://blogger.googleusercontent.com/img/b/R29vZ2xl/AVvXsEjAjeXvlomGoN3DW1S970jnwb9ELODnV-CJHIJAecB4USf9si5nvjN7D3bEZ5xLvJ3u-a9Ivk2D_wTmUiHDBRwC0DdJwQI-0KHX-IIyTP4u057OMkxC8Y1SZ6_J3f9_Poq0en0CKd55Mwfy1IABcMx_HgEpwHulJGTwVIh6666ncgyQm7OyTC8EhqY3ve8/s0/50.jpg
moodx,Safed Ishq ,Gargi Khakhalary;Raj,https://blogger.googleusercontent.com/img/b/R29vZ2xl/AVvXsEge7wblFqOUgC7iUOmpVHW0lVXopq6LZILdvT4D95nZ_k3KrHtdFjbPQ6cVi6JjeYmA7WhNuBx0Ee7dRfa2XorppV34Z66U6HWFHEmIfZXflp1N1nmzxsO381e2BGtLTIpwe6E7WqG-gcX-vElCLrWFexVRXG26_s3k9irmeHU2HzfN7Y-_7HlrK0CpPW0/s0/51.jpeg,https://blogger.googleusercontent.com/img/b/R29vZ2xl/AVvXsEiSEgr0xDf57Goe31Bz1cOsjcyLGTtegEvxr8fucVWVgYKCf3EXYEPZkWi65lqLeI2qH_ZMoiG4l29mjtm_qQTExTAsiSSm0GrjS-w9U-ftDW8GgBP9sUCvmX6Cvvu3zVfrQaYRSuFMV-jYFsa_l7ZeDnbgsGC6T0cmVOVR_wi86AjFNmhO92uS80aNnNM/s0/51.jpg
moodx,Hungry Haseena ,Kaira Sahgal; Aarohi Jhalo;Raj Shekhawat;Deep Singh;Vinod Tripathi,https://blogger.googleusercontent.com/img/b/R29vZ2xl/AVvXsEj7ub89xT_-EpT7i3bVden0eZkaZtlS7U5BbIebU02cRxak5aN8VCWXUjsV49x08T-HjxBnHjyOtscIZWPuv-Mgb5BhPM12Dh4Xa_sjg_VjWbLrXHW5cXxESnM4P6QmLIQg5BqoxJyzwErpyQwHl_Ol7s5vOkhTIHeRzm-5zjdxYDajxObe2jECH9thq_8/s0/52.jpeg,https://blogger.googleusercontent.com/img/b/R29vZ2xl/AVvXsEjIFkmnDZetXBJ1lTes1NpzPYfsjbANbf6rdX8WYNMfjw6hweAz4K0kWtusT9xKwavqsIFSpHkiheFRoarjTKnurw6b4DQ-66Bgx4qTgwWIYcpY1t_3i1_w-PhDq-5g_Q4lgEpXGPqkKUCgjZa7Pe0D2UEs1DpTKkZxFL8hrHgVGD2ked0QRK3zcqkBX3Y/s0/52.jpg
moodx,Chaar Yaar ,Roshni (aka Ranjana Arora);Shakespeare;Sanjay;Deep Singh,https://blogger.googleusercontent.com/img/b/R29vZ2xl/AVvXsEis9xQjzZMolSkPoJoQdBJZ7U8Ma2OzyyfxaeAPadrAnLK9AbZI4-6l2ue5Jy8_3BMdaNjhgZUaDIu41cMlfUQxWw6C1AX83HpQQVGI-799Bo-t7lZ0Y2sjHXkNBTxLseQwOYDJR42jaOxsfu7nmhpZ-1kZCUqyXMOFy7ciu2RfG2yNYfHFa1bdBfwdv9E/s0/53.jpeg,https://blogger.googleusercontent.com/img/b/R29vZ2xl/AVvXsEjMErJG473-ekGABkeKXyk7ECvztu5P3KU0iHwB627gusl5zZzZgs0PnOP2IW7m01E2YVfNLIdpljFlWyZr5xtgli1mThFAgqNzIUnPqro6bNqEyXvUbDWSN7nLm3I3VOyeIjgYVr3KtROYVfDLEEarg85BC0OFeMYSUbHL01rzG2RYoP6x03Mhi99LaDY/s0/53.jpg
moodx,Jamuniya Season 3 ,Dipali Bhabar; Ritu Pandey;Shakespeare;Vinod Tripathi,https://blogger.googleusercontent.com/img/b/R29vZ2xl/AVvXsEitP85ugjTZHVg1PdhZ6Iv4XKVwfnKkqzNvGWUBWuMI3npjdB-8FT3Cx7fS91TiE1PSNI9-REvmYQrcbRZqVViCV1LLJsR3XJyaNWJNsM1zCezptKBmMPl7J2wTSWVYjBZ2TCKsoJ4IEVAX9ysl_48P8eg3KSvh_UQuWafnr3GYgUgfE4ZO_9OlypGqYZ4/s0/54.jpeg,https://blogger.googleusercontent.com/img/b/R29vZ2xl/AVvXsEh3F1SDuoBm9ZMQ26_k6CKnNEP-ln-T_udMv2fJh6D4oWcmDnO2XFHuDnA2pY5opXXf4UYXXvKDBKIUCJWhhgDtLIAxZIuYQOrE-psZBrVy9XHmJsgHsd3_FnoIjesfWtpXSGpGTlbUjN18FRXVKBWEelGoqGnrIM1TRbi0iSs90CmZKmY5F5mqPFQ8Yao/s0/54.jpg
moodx,Tina Ke Indicator ,Tina Nandi;Deep Singh;Ankit,https://blogger.googleusercontent.com/img/b/R29vZ2xl/AVvXsEgR76k0B4hDqM85M3O_hZRAIp6HTBiTDbFjxvB2oU_IB6MVGUKMGfTGBAQRwt-TXPDxUWfsvITfYz2atUExpVwpNMfQvRbRXEcpJNG4TkrcerfWvK7RyrthxPWkYwBA95hVStPUI1nGlphhua9dbD9Ebs7Hyr7HLaejsnkJ_cbG0kn8djSGaHnkqggzMJM/s0/55.jpeg,https://blogger.googleusercontent.com/img/b/R29vZ2xl/AVvXsEhI32m_-S6oMq8syFle4hwz1HitOVAFGmmVTq6rsOtGVe6BdmiKxEoWlVwV-2ZdcY-biQJEe2r0aa9Ll4pz_bt4rQmBVixKHoIEKQLYjZ5HYm6Gr3M1SyP5BC4xXp51ym5FiS5jZm_zCctyqyxaor30Y19sDLoCBil37xbbKNEnqD-FqpbC1Yz4-AUk-CI/s0/55.jpg
moodx,Chaam Sutra ,Tejaswini Prabhakar Gowda;Deep Singh;Aman,https://blogger.googleusercontent.com/img/b/R29vZ2xl/AVvXsEhNOpt6X8jZwxT6jYVWMksJ9ZUeLNIGrAihpPU2wR2c-YPRMmZz65eiAIH8tpsRiMTftA2K5pQ_ZcVRTNAWRlYFyLFGHxdNPKpFjnP0A-WFf8dX2a34_e7P5jAKTYiSvg4aLFjykSEl2fUKdgHQELKUQ1lMrq32HDZOI_TEnMo3ZVSZqOUCigoX5bZh2BU/s0/56.jpeg,https://blogger.googleusercontent.com/img/b/R29vZ2xl/AVvXsEiLdTR5nwWOFe3uTYc6iCYxL7hrhUUDhtdR7ldVA6g2NyyQucI5C_G1e_jNvFw8ko6HWoRrzVunBDQ_F91PBzlEuMTb7AiqH7XdZobSqzBt0cvlr8aDd0Ysxckpn6XXideO34VH_ADRtlV4mh4nFr7NnmZqeW3r3xfGco6DdswHuNVC9LKEjPbkrktIQTo/s0/56.jpg
moodx,Maya Sutra ,Tejaswini Prabhakar Gowda;Aman;Akhilesh Yadav,https://blogger.googleusercontent.com/img/b/R29vZ2xl/AVvXsEhs-cb6FcbLYzOHoyHh87NY3KAK1T1KeHhCNxewPLfHUC7RFD1aSdrQhN3gocBaq6XjBS6Xke3Ah7ue3PviAA2Uv5KasU64eU4nCshe5g-9ECEap5ZAAuOBBHJ3AF9WnJhHqqiNM9EugA5TyJpudfm6shHEZBsIc-IiB9rA_tZWN66QxzRjsLaW_7rfCTg/s0/57.jpeg,https://blogger.googleusercontent.com/img/b/R29vZ2xl/AVvXsEi_rcOEDKdbWD49_nkBl1EIUjZKReTLaJcZMEBsRQEhGMJQgUCqUM9i17xYvCHXwBjr1I5bncUeCQvVVv7nLJs3FIM5_ffuZdXhOqE83MvKjs9NH612zQTdy2oy_1R3kaYmnePF7Uq5lz0c6NM3kqTGBHRmrlknAk1yAN_gWMJGVayeqDeB1MzPpeRPw80/s0/57.jpg
moodx,Kinner X ,Jennifer;Akhilesh Yadav;Deep Singh,https://blogger.googleusercontent.com/img/b/R29vZ2xl/AVvXsEiCUs5vtu3U9Bcy9S2DB0u2TczjVHTj1JLGB7ZSk2ROrDzCzHX0iZ2YIhyphenhyphenrZ0pFX5RlWbJjFDG7Vwa8dOEP4E3dNpo35Zb_uw01FA91A1Kz-TB9yEfjc5HS2A2PDh8JIq9dtmKCscVUeqfe8sNgAoh4NSHYWB1N3Ndyfh2wkPGRhvmAp71JVItskn2iAUw/s0/58.jpeg,https://blogger.googleusercontent.com/img/b/R29vZ2xl/AVvXsEjn2v_9Y7Xt630iSrlHLqDtAW2eeqg0d8rsErYtj47Rxn2ozVgepGImrfAy7Kr1NcdTeGIdQTywmlo6q7fUGf0DYRPfVQIyLbroL_tpxRXoChnkWjA2dbyqksho7Vuaa7lD0pXpGCjUFZsqagzhi0wpzovDG9YZRmn66_jbcQeotXDF9otiz1VC2A7bThs/s0/58.jpg
moodx,Dhandha ,Jennifer;Akhilesh Yadav;Deep Singh,https://blogger.googleusercontent.com/img/b/R29vZ2xl/AVvXsEgkTRnl0agX_npStQIhw1yz4Aoh2rBJJrss6TtE1W0OwYtJzPxOiW1qv67mtxfMB0ASCIeNulLlQnttpKcd2NU4ch4sNGtux7XtBlnx7K2ds6gjFTVGsVwQT4WXeuWXlEPx11Ii5kXm_QblHUM7e6Um1tZZanFO1nrqaLBWe7k1E7b8NY5clxdKH6IU1Kk/s0/59.jpeg,https://blogger.googleusercontent.com/img/b/R29vZ2xl/AVvXsEgw53dloi-M6OCPNtOSwXuuYifY2L4MBHJTMdzliuU0fyhx9IG2fqOSoUTOd1ibbZKsHzXZeXUbOdm03k12u0UMj8d7DFSwt-tXz0ZZ2kP-Bmu__GqiK_qLjFeA73c1mm_rGbck_T4y45cJhfxcnzocXKQm7PTMa1OrmjbzXCr_BcC39g4AW1mE6s2QvjU/s0/59.jpg
moodx,Bookh ,Alka Raj;Pihu Sharma (Pihu Kanojia);Sameer (Nikk);Shakespeare,https://blogger.googleusercontent.com/img/b/R29vZ2xl/AVvXsEgbE_uY8RxVBC9RWZ0Iz1JKQOSqntTTPVYHs2E8BNw4iPFE3pPxsDeN0LQgrXAXV_p2tR7G6zVW-ItyknlewWsCwluh8msCULPYk38EU1PIiNt1qL8NunpxP_6KXhiqoLifSicX1jYGjoQdfgl6xC0uzi-AVaFnpOmNqNthc6gLzxP6BVg6uam55khOB14/s0/60.jpeg,https://blogger.googleusercontent.com/img/b/R29vZ2xl/AVvXsEg1HqclHnS-JL-ON0L39PyYBtDMOoD16zy3pXa09tZkYvRBfcQ13pcz3SespuYuQMawItnvFFMJhmfj76gBh75jKtthqlXIFgbzpKgDzoahNddgbShkEq6ngjnUZ9Ks7lj9MqS6mDutVETUKIlY6tJXo97ypnBlu2igB23gScv5z_Tb5H7OFD4RvLAbl_U/s0/60.jpg
moodx,Dark Therapy,Sofiya Shaikh,https://blogger.googleusercontent.com/img/b/R29vZ2xl/AVvXsEhehGjRKEsFAqR9Rqr23rl-220UZjwhi3Tblo0_ts2DGIL0ILglLfBIE5VTfALZ-e2ojhiL7R_XGH-3N6Rce27-cD8dDPITJWTMdigZK0GvnGb1xWXUuZT00UvsanrHMklaK07LvbCOl9ZVVgejAJbT96ln1g1i8RRV0rq9JXcyMCPAL8NgayvpvE9WhrA/s0/Dark%20Therepy.webp,https://blogger.googleusercontent.com/img/b/R29vZ2xl/AVvXsEhL-EVvrDV7AcdQrb5oPhO4ygyOVSxn6Gc9hTr_VozLzptT81ejIFNjr4aLGc1qrq9YKuSrZuEDMUyfpm43wdbg4SJbtO1nBQ3SeYLDBb3CgnsPN3CObd3xTVkmivssHcH_oami-kudHsOHxUzqEk1rOGv6EFSqr4gqF8jWhnNrU5lWNMEMS5anVRLQCkY/s0/1Dark%20Therepy.jpg
moodx,Golden Shower,Gargi Khakhalary,https://blogger.googleusercontent.com/img/b/R29vZ2xl/AVvXsEg6rf5kevRUyBLGP_sgIY9wrbDorxEHmQZrODrFwSDYAyqbT1b1R5I-eQWT81jXnJY46JM3susdwNIqjAGOhNwtVmJ8XCQrmWZag-NV5Re-sPYNbHYRIA3Y-IV6ElCtY50dJDne3Tf7uBFg3SxntY2GANj14XQMitCNI33gcDfn46gWW216ZLLJI02bflk/s0/Golden%20Shower.webp,https://blogger.googleusercontent.com/img/b/R29vZ2xl/AVvXsEgMZZhGQIwC1isHtIq4iwCr77EFxfnaEvoRf7jMXBFkLioYdaW-tU_hWxCZBSBr7C5zOZ8MFPOZ4KwCpWsyDxsGtlYB0An5L8DbSQ0xXpcm6BxVOIKMKllLAEuSWN_4071KoHl8mukGSqd2HgpARsOydutUZThRSp0OJJZuikJQrUEoX6kx5LRD6lr9Re8/s0/2Golden%20shower.jpg
moodx,Sapna Ki Rani,Nia Patilvanshi (aka Janhvi Patil),https://blogger.googleusercontent.com/img/b/R29vZ2xl/AVvXsEjb6UmdWLpWQ6ktcK6v2I2jqiSJEy7c32FT_o-OuYsEghrvtLbK_1hopn8Pzx3ytSmTV9ruTcBUGJADNCHzYGpgTEiuGoTK_k9418bcM8YCVLxwbdrLffC7zzPAaXFiZU2tzIP9l5LS4tBkDmLfwkERF973AaEPonzOSFG7TxeJBxi-VcbiFNFzH6-REIE/s0/Sapno%20Ki%20Raani.webp,https://blogger.googleusercontent.com/img/b/R29vZ2xl/AVvXsEjkt-QJY4Bhteam3wwLQ4CySqPmiE9h7nZChSA63-uGH_pZ7qqqG5XDIme3UtN24OxQyi5wQqiBPGqPg2HRMUX8Xw2h6sFxof8PGx6KRfvvBj_FfuIIWzaVvODqQGCcsyFbp3_ES3DzWkoDKi17VrE3X5N_01vdGT33Bw1OD2Yb752PmQmqWi5GnZaWMIk/s0/3.Sapna%20ki%20raani.jpg
moodx,Dosti Kaand,Roshni (aka Ranjana Arora),https://blogger.googleusercontent.com/img/b/R29vZ2xl/AVvXsEjHXICfFC9YDDse4Z8cbWKEBkBrCwZz7pis2-YyuhAolCLM6jz3nmdiolTDn1KdJBoGzZ0aEy3fNOx6kRa48Y6Iqkae9e6OArSG8wqvL5TbdQ_o1zILvwsIljb2yn3nrSnIbiy08FjR_SPTlVdlg_eSjk_douhv-0IFRMZu0AQ094tMT5K9FRDG56qCkY4/s0/Dosti%20Kaand.webp,https://blogger.googleusercontent.com/img/b/R29vZ2xl/AVvXsEjvQwAU7KPiE_aZBM46ieQaSBKQYfgJBf-_-l0zO-1KvEpzgyJH5uypQNu5-VCSCZ8ReThBk0_vp_yvcmDA5IKBRy0l5Lv9dH9SAtE8q9juSWMfLypY5u_VakZ83MK2fXdhhrBXgLUtkDmHkauJKEg9ryps-I628e5gs1vqt_2PeU6w91WGht5ERSCHdxk/s0/4Dosti%20Kand.jpg
moodx,Aashiqi,Pihu Sharma (Pihu Kanojia);Shakespeare,https://blogger.googleusercontent.com/img/a/AVvXsEhIT6eeSPj7aXiVhsAESUiCCMzY7ntS8M8JGYCwD5n1B6V0zIVP_IYt1ZeWsxtNtls3D2Oufcnuq96z4odrQ70k4IzRgtClEPNXX9juQhWpiBoObdklUiWeCPbzDC6VUaCCdBt8Jqjg3qeTmlSFiyD3nkvqgRCukb5f4dcsLfbvoYfl5QF5rhOSjwCpaIE,https://blogger.googleusercontent.com/img/b/R29vZ2xl/AVvXsEhJbtCiK2mzFATywgLF5TLaXiDUqH17GYfqey_F9SNigPbDMNWr9S6ugFUeXzMApjG3qsFa3RK9PRPp3ahf8txuo8-GUcPe1QS7-D-OAmO3see8WXmfzdF4-X0UdpaV8yL8tbP2e2rNdoq86ppf3N5zb9tCubSAOJrRpbFQHTE7PZMrwtAT3wHQNH22VTU/s320/4ZAshiqui.jpg
moodx,Deewana,Ritu Pandey;Raj,https://blogger.googleusercontent.com/img/a/AVvXsEhbu0LU9D1FPhCDseK_V6PSYXtnXTvwWGYThgzLZxDNYPr2p8ii4aLl82_u1yMa7BeyMfdOFPSvY-wz6uDCZ2svQQKE_pivqS70fowFzfLzy7vWk-MmJPeiIirTN9GLAMJeobqH-mdHfaakbkGEx4mhLDSh8yepYVzNqYl-OY4pDoXHIrNSwmrRDMUdN-I,https://blogger.googleusercontent.com/img/b/R29vZ2xl/AVvXsEh8IV-7px7ef9dYEY3TD7Eh2rDdjkW_M26hxazFhAuP8LBJ9Xj6z3phcNFwbpI-Trl5bCngd58Q7_kiBocDRZ_I88Kc9yQz1KpsqViW4NTtI7WNjWc4jLPMSrGXaTGvo4DoNEcoShKNfR5m1HOGLnvdccZhLYMfDqpLviDlxMC2YKuF-xqI1BPz5XZK6l8/s0/6Deewana.jpg
moodx,Oil Therapy,Neha Ahensai (Rozi raz); Soniya Maheshwari;Alka Raj;Aakash,https://blogger.googleusercontent.com/img/a/AVvXsEj1u3DwheJCZuHXP6gxCEM2SHsxZpnLWANf8P9OvOh9ne9mwAjwcvnUdsPbLlQh4jl5gmmzgxuzXu6n08wvBU5dXZDFF054eibS5ZoV6iD91oFum7stbygWIehy-D39bLr7Udyh7MwhoGCt_1AjPFHEXxggzzcfge-XxvLYqeR_UjqidjB0TERYyGdg8To,https://blogger.googleusercontent.com/img/b/R29vZ2xl/AVvXsEg_cCoQihQ4aVEALDZIgoz6b7LeC_qbiElW4L-y-WYHOKZx4_uXeA2b3rS55TPthOP-57Sqpe_2dIHMDDLtWAFkN4LYeJffaqx967-Qjyx06jt4WcvSrCh7l_oszZWQaWzdJkg0YyPznFDrMtLO1jp70X3pMfV-kf12zPq4Hc_f_m5Z0uZFJCVVTXeyb_s/s0/6ZOil%20Therepy.jpg
moodx,Dilwala Noukar,Alka Raj,https://blogger.googleusercontent.com/img/a/AVvXsEgxR22_uwIzEbyaVh9j1Nj8-6YCY1fTkD05yUUaOyppHR16idXaIYfbnzdp9x-XO0IY7euc7JPZsryyytHMbUobDUXhksL4t1kNi5JKQif4MMsqKCUuSa4sZoimCeNAY3VBOgEKchQCHG9orByDLpVDh7agawYxEQv1_nK8v0LVqAAZynoPkvDnHrVCdrM,https://blogger.googleusercontent.com/img/b/R29vZ2xl/AVvXsEiLXB-DF5f7CL1Wh1qHAz83gegVW4cop2c3KBP3cIYOq5ySoIa3j3qg-HEU37l0yNmfVi-Bn5FE_nlfNIkru_25w3YUuvYNm2nS6uhaR6bJTmqBkB-2tulhCeW4Z5HzdqOV-78ksYxzxjsA2py8qmG3FypoT_L2OHu9ougy-0QHTQJCahKpGHr9T1nG1jg/s0/8Dilwala%20Naukar.jpg
moodx,Jadugar,Pihu Sharma (Pihu Kanojia);Shakespeare,https://blogger.googleusercontent.com/img/a/AVvXsEhMAgjE18pKB8cBAZkEx6i2Xho0tDDd1A5uwDO9MBFX8Vq3skfAVmh9osegRf--6pf9rTdaGcge4zO35KHD3F1pKC-0CC_x8mBCc7d_6lyzdp2DxiF89uo5K3vsMw_etvo1zyz3lXLjuW5vxHCRUkAQ_S6YcJEFIwPLchLnTHCs8wjtyki-wnesRu3ir-Y,https://blogger.googleusercontent.com/img/b/R29vZ2xl/AVvXsEj_Qa-gDOiFQz4zhiVEpPaknoRJ4VYJ0SJVQGa4vXZQUmdZNZaDk8pDuh-XzzISIKHSrbjnl8xdf5zfXQt661hNYTl4Rs1ycsLm8rX52v4-FRcCCoNYuOzYOfg2jJaowjKPQe3DS-3puJdbN5P3a6AyT0D3TzoMV2u2LTBrsyK506xxTJbO_4p-k58hRJY/s0/9Jadugar.jpg
moodx,Bahu Raasleela,Dipali Bhabar; Ritu Pandey;Shakespeare;Vinod Tripathi,https://blogger.googleusercontent.com/img/a/AVvXsEh08bPXblWtgn3CeAb-zYz1DO9FI_Yrz5SIlKBB0a_wlIa5cs0gbJFFQG3sThaXi2kOvt5vvAm1KB-AOlzprfzqOMfo32ZF5sEZC8VkqlbeFshpoE9G7DXeWjerKk2wmzEraGhM_7_8t7V4nzuEGbdss9LJjfx-TTe2KqreHvhsDjIysf47Yz01tLmz_ps,https://blogger.googleusercontent.com/img/b/R29vZ2xl/AVvXsEg654wGmNIWq1xojBztTIvNEeWJy3aUdZDyoTQ5I_Kr1pRZ8bGgcqFdajEwptz_e1MqYPW2-cpCKbBdU9wc10xi4To9evxUogiHk6Fgvt31qyqRifeCjuUP6bWspQen9lhghGZrMZ8Tp6_Y-OmOcrkFZt3_a8vILQ1EbQBeERT5fILISBFmXtU40TNxjh0/s0/10Bahu%20ki%20Raasleela.jpg
moodx,Dark Therapy Season 2,Pihu Sharma (Pihu Kanojia),https://blogger.googleusercontent.com/img/b/R29vZ2xl/AVvXsEgCoSn6UdYLqf3K_ZIeaxzk7EqbuR5YpOw4FlIsAeQ71EREhyphenhyphenmkRUt9sGrtVBaivsg4lG4u5roE2DeO9c9rFUSPZuZUDwlO5u1wUGGVDNaDMqinnMn4hIwIUOgtx6VPrXmDbvQD0QO4aQEILxfQ_XnSpmK4R3MqsVBccnXLdkyZitvH4wOT5hdiUURmAHI/s0/Dark%20Therapy%20Season%202.webp,https://blogger.googleusercontent.com/img/b/R29vZ2xl/AVvXsEgcsIrPTuvRNv1lufZx25n1Diio3heRT0YrrfT9IGVr6rblJh0PdjHjrIQB7gOZnTI7hwWiQKoj6YzSyusz07wfAEsZjeV5k3w2yV9ag5otunDN_zNDaWE3Gja8oH5fgnz74VDK9dgKrmhEyCkWGeNSpquS3Gj9CD2erwr10ZT4p2mkIKt0s5Lrw-Bs55Y/s0/10ZDark%20therepy%20S2.jpg
moodx,Honeymoon,Sharon Parmar;Aakash Dwivedi;Raj,https://blogger.googleusercontent.com/img/b/R29vZ2xl/AVvXsEgo6ce7-lAkudG5iSj3hkxMwENrfs-l8pqnpiJDFzgZQ558Ir2orPSKKip69cLIccsksb_mqnUSFQO61Xzhyv1ENO6z6oWg6xo_JHnKsmK4KJWMRfAHpbmmRyKpsPcXf-Bjj-vdVuAhot4ZG5OE2CxnQcEqCJtzOrHCWEDF2ww4rALxDm-mcPvIQ3s5wlk/s0/HONEYMOON.webp,https://blogger.googleusercontent.com/img/b/R29vZ2xl/AVvXsEhsW7zblS5hA7Bt_FjXK04u2-zXCVsrGcvCiKhnM74o4XCQkH5WDVmUvYGjeAuA3XikUkTC9WXLYFaqK2XFwwWapjwhX_ddNqSjL_sNGkqAQUok7OWVVkLwUhzpeCIduPisdIay63Jv5Pbsu_ddnpI-3WT09GV04tRyg5mzF7U1Gq5WmUcclv0DWqd3Qwc/s0/12Honeymoon.jpg
moodx,Raat Ke Rang,Baby Maluzz; Pratibha Soni (aka Divya),https://blogger.googleusercontent.com/img/b/R29vZ2xl/AVvXsEhlVQ8dKePVhzGQCxRvSltD-aetfZSr8Sz4gzyEGgNHKAC2VNu9xuIBiCZJzE5KiUY4m1fwkkme6KjyaedQZdYZlgzB8wEmgYH6G8xvpL7YMydXzNw2yKAJeNSxGznSO-N7xg9udqqwy-qZt6pWw_iCYgpzmHana4_72F-lZ1V1JH1n5Zf6LxeSNkGR83I/s0/Raat%20Ke%20Rang.webp,https://blogger.googleusercontent.com/img/b/R29vZ2xl/AVvXsEj6IRPiqJq4tG3n9Wi_L-Uxx0QGbif_0iih030awYy1-hBrLAHvHFkBwpZ3goUQsqILyrLoSvQVlV_wmUQsSroOvH-v87xLvvEK639ZA_LnRDgko2fdpxneMvirpcDUqBKeTVUTzqUW1Rnxy3dD_mweaku30d8uQ_7A_AEN3TZ2y1BDe8ms-k8FeBHIlC4/s0/12Raat%20ke%20rang.jpg
moodx,Loyalty Test,Sapna Atwal (aka Sarabjit Kaur); Pratibha Soni (aka Divya),https://blogger.googleusercontent.com/img/b/R29vZ2xl/AVvXsEgCIWV4iyud2E7S03VHa1CR5CISkzUgf_ow_LXIASFprpc8oxy2VH1Dffhkh8Kun0xhazBk9Akc48D3wQk1Acaj4eV2Hw4pjJFzEM6od3kwS-pe6cpFpnGKsm2tTT-3s8CWllG5PP01oUwNwO3Lrc9sxCZF4z3jbuZ-7HEeij9W7WrKlGFaIz4uk57dG8w/s0/Loyalty%20Test.webp,https://blogger.googleusercontent.com/img/b/R29vZ2xl/AVvXsEjgP2OJunSNwCCcQdZpI_oTyGNJm9_bq0gwKUTVmC0Li_ntgDzlKjoZ3PgKX5lErWOj2lzdK3l7bbAGB5CqNqGiRh9QBwuIYWjOhmwXw4N3BKrcevgFBP47ZVlGY-9gKpdBRlYhODU_9vu28hdOPIulEc2hm4cRdrD2Kxt_IzMXoCXLNWnT1-ioaMYW_iU/s0/13Loyalty%20Test.jpg
moodx,Kunwari Kanya,Aarohi Jhalo,https://blogger.googleusercontent.com/img/b/R29vZ2xl/AVvXsEg2SV0vog_2q_JYmsYdU2u57QjM1Q9Br-tqq3r7lzJQVS57L7JsdG1F4PsLOA7kdn6MgjPo73g_F2RI5uvrgfco-1wV1pFVSQhejYxnG915PCTHQt0q26_GD0woNsjICE8M4-No2wZD7x2_FeW0fJMKk5aiabe6w6AZEM1g91Oz91oYs2_fbfXIOJkaw_U/s0/Kunwari%20Kanya.webp,https://blogger.googleusercontent.com/img/b/R29vZ2xl/AVvXsEiz40Id60QckijtAU1BkbDhJsFR_0m2QCTfqFjCBAl5_SsZLGX4H8ziQcqLM1nuTfEti5MUndDuJHo6DwZPanOGIHHreoqDDtXrAT3j3E07IfcURSZ6QjOXqr5XBC1aoEGlJuvN6ziPzELh6zOm7_nV5UL-Xzt-ImDGGuJil_6wBKQ4USoxaQVLCPNOmFc/s0/14Kunwari%20kanya.jpg
moodx,Rangeela,Sapna Atwal (aka Sarabjit Kaur),https://blogger.googleusercontent.com/img/b/R29vZ2xl/AVvXsEjkRDusrKs2O3CRuEBzEPbMXrETfyxYunDIjiGcudyqNYZMbVpBLe15kjeOMN6dTHlOYIWlG3bLCtrnRFlAoCNYr3_fWegzHvKJj4huV8n62NbrsdPWFQrbVCxdWvl_krVt1rVCu2EP9Dguqp2mGW0dxtE_4i0gckvWLjeuq1KoO4F7WA5mGAWnS3_lVYo/s0/Rangeela.webp,https://blogger.googleusercontent.com/img/b/R29vZ2xl/AVvXsEh5dpTthV07Oi3DvE0gauYEwHek8M5ndf8fWFbk0Xc0timxLgV2dOpwMeIN53biKs9zbPYe4ttf52DOslVTUHTruiXfNof8co1oLY1sUaclz69gMn2MB4HC44S4RvAnsc6o-6kDBVLLcrbkAi4awdBe-wTNH5QBgps4bLyiUcZETTYp-tHnCsNghr8yUH8/s0/15Rangeela.png
moodx,Saheli Ki Suhaag Raat,Baby Maluzz; Pratibha Soni (aka Divya),https://blogger.googleusercontent.com/img/b/R29vZ2xl/AVvXsEgwIzmNk8jDqQLpqQaE9ol0jLB6HnaPw9jLi8TE3stnUt2fi_IWndI2DJBhml4Ol1Esd6q0GzeRKTR_u52Q7RLhjCyk5-kKB2x2VATgWPSi1GUEGb6uIYiFW3weWwHM6c8vfPGGZHkck3Kg4UA_dRN9u7RZmhRLmzOeojQgkh4Cv61pRyNOTlKC73RsiOg/s0/Saheli%20Ki%20SuhaagRaat.webp,https://blogger.googleusercontent.com/img/b/R29vZ2xl/AVvXsEgdgUfWCU-kbH-SrirZBmu1OHP6Jzv3bT_cJguH5KOaJd9I_unjysZwUBh7SDdBLLH_gsBNeGUObaWV8JhSfrbJKJQnZmjcyiB1oCxwWmtM90IVRpINqFvj4K8bkRgQY7VMqSw2ybVRyIp0cMs7WacquiPplUtZ8ynY3dizYk6FdEtRdGjJvtYVoJ-F1FI/s0/16Saheli%20ki%20Suhagraat.png
moodx,Boss Plan,Roshni (aka Ranjana Arora),https://blogger.googleusercontent.com/img/b/R29vZ2xl/AVvXsEiOgvpAD0cfW-6BbuzkInY1hgWzJNouEGTe4Y-5fpL2CL0AkiRY0SwJPEPJr8WUKajcu2urOQRSjqiYTw9YgXjcBWxQlwjy7JfPQVHzr3kKnxvtbAEj5z6Roqpl4EJamNIx8Wa8k3vlyGUQvCWtbVITxZVIOX6UbKbuMcv5IjaPk6a6lI-HEK3184ySfcI/s0/Boss%20Plan.webp,https://blogger.googleusercontent.com/img/b/R29vZ2xl/AVvXsEh-OTgCsLoMMVLYaCpJxjdMXprDy4eglIDbrNiqa0y5PP_4ksZxAY07Rd2Bk5-3gn1TYqPUpfdqLig6-oqA6e4mApIo4Au6TvcCTYY-p573eVKvgJbkSJOZSHphK5_qeYQ3AkPJBZF0KzhTMf5UUbGauJG4K837OXaEAiAMMd5o6b3saCfGHaoJve111KA/s0/16Zboss%20plan.jpg
moodx,Tumka,Alka Raj; Soniya Maheshwari,https://blogger.googleusercontent.com/img/b/R29vZ2xl/AVvXsEhpX7WcdJlDovn3PcSYi9DiRBtSUKdJAWsWj3Tj-iaEa4RV3uMLaRU5wPTtqjmNUtl_JxlkfPYC0tVn_yEJgxs48sDYih2j6PfgPsCT-5Bk2hAqa-_AGfufQBNsE3tCD70txxcM-Iu6DlM6QSwgD5UD3B7CGJGO-KnhsO0lV6G1K4XdG-fF6ZMRKkWnKpY/s0/Tumka.webp,https://blogger.googleusercontent.com/img/b/R29vZ2xl/AVvXsEivh__mPtYFEIqXCawdhkXxeNsWasIg7KIbnhHWSimlv5dLkbUfDD3Pz9EfGZiTQxKZdKjnpSqoLRJNjQnlP8SmxwPU0Yz-seOcOei3rrjKQGnEQtW0FDp78YIQunTUXsUOOfdpQhZ2oTEwPETWlOgzeVykdfSAXphgQrzaiH2khjWw9IyAiSU3pXB9OEU/s0/18Thumka.jpg
moodx,Shakahari Bhabhi,Alka Raj; Baby Maluzz,https://blogger.googleusercontent.com/img/b/R29vZ2xl/AVvXsEj8lDcpXZDPr-5WajmBiESrhUxCoGGW32Mw4m1eOJ4i2ZFxLM9YGFjziPCQaQGEQe5H0b8Zc0O0qZBe8ZH_pIIuXdN-h363eOZY_ddDfpZOEgyPR6tS8QrKN-L7II5P47v2jW1utTkORriZ1SelujPV7d-eVUtIFpQDXEFMQ7wlrstYUuy28Dpn6m0t3kQ/s0/Shakahari%20Bhabhi.webp,https://blogger.googleusercontent.com/img/b/R29vZ2xl/AVvXsEjUyLY4hxS-aHbwMKTC-8iRvbqt9D9Dx1gOHlCcFPWlePupO18m8a6ynCMFwLAJQa9IPH8r24ko0MZ8ICNT2dXTJq453RHO9aAwtPo8xekSr7vsHmNHoO5g9mk5CZYQmK7eRA2UKakeMLG6wCMtQi4vNpzWMUB71uiTB063-DbB721BI7uPgNsuyVnwZcg/s0/19Shakahari%20Bhabhi.png
moodx,Lady Boss,Hema Biswas;Aakash Dwivedi;Raj,https://blogger.googleusercontent.com/img/b/R29vZ2xl/AVvXsEhedUdFFsnK35TbGOJlPed-uD9xGBAlAgvDu_Z0L-WUysku3ochJn2MtWg-CqG1kf4ewVd1n4vro_T0sCfJM1NikhVq_wRkN36tcEeQeUdY7qEy1_Xmw03JtgAl7BdQYwMuslzvT-GtC31Jc5QNjdMQ-L70N2pOjA_lOvjwtuPiZNCvNisSqOkZZi2lD2c/s0/Lady%20boss.webp,https://blogger.googleusercontent.com/img/b/R29vZ2xl/AVvXsEh9blY5KDDE1Pmbn3ohFUTb_S0wQ-2rv2mIryd6TcjlAXM4pNP22AOThBK-T2gJzNyv9T9ILZKyZdfYDL_Iy4ekhKPRVr62Iqhyn5nLpYSHklcngCdy1Bx8tQTc8ij1cJiYn8xg_ytui-Gtx8nEvSrHN16TQ_NWy-7WKmWS7dDqtg4c-Y3MfWKiVMicmZc/s0/20Lady%20Boss.jpg
moodx,Mallu’s Fantasy,Baby Maluzz,https://blogger.googleusercontent.com/img/b/R29vZ2xl/AVvXsEh8kfHRJ-echRvCat71QR-jdZ6YmSPDnAv8TTf-Ag7VDdvFL_Wq33mia-cYlicgX0IBBbT_tE7KPobi4FH2ms_9fR0YjsZ1fK71S9WjLX16-1EuZYWYkepSWJfmVE7ib-I2VObn2iN135N3xEmiidi_pDoVQExcyzlaANQAPUXn3TSxE0cgtoFJDQxradA/s0/Mallu's%20Fantasy.webp,https://blogger.googleusercontent.com/img/b/R29vZ2xl/AVvXsEj-eHv39jUmebN8gGregxABzwFxaRX4aKcz4xwuBz3lxgWTZOpbwHJZK7mPUADHNEYCZmD84gX75BsnmZIj66moy-gmAUZN6rHUW1ZAnA2ivbCE2ZvkmOdOsDNTKUiujMB0vQ9sMw6z_NktuezFSmBwYx02aUsLZDd5_-FJzxqcB-jaf3IiGaEJPGAfz7Y/s0/21Mallu's%20Fantasy.jpg
moodx,Bahu Ka Nasha,Sapna Atwal (aka Sarabjit Kaur),https://blogger.googleusercontent.com/img/b/R29vZ2xl/AVvXsEhe4pVAbvcOqWBPF1H9coA1UjFjZwD9Qb9rjaJMonwJZB8S2s0r63uFP5jBq_mIGY9laDJCwTSZjuxA31y9Ne8kzDlCksM7SOnz-naPeQ6Le6CMkA5NUcZiqSDxWKENWYpFtxZTqOghF-mA7S0zQLaS7ff8KAI0uUpjWZhG9CTaYNALPrJw_9GE6DAoW60/s0/Bahu%20Ka%20Nasha.webp,https://blogger.googleusercontent.com/img/b/R29vZ2xl/AVvXsEgWbIfANYS6i_7_TQ5MhETF0-EQX7gIBLxzNvqg299mm0-ZaAgw9vDDV_DIFwXynIMtinC811WKf4Q9tS9c_SVb0_XO-d_iVruxoEbzmrhm7kc-UkpsSVjOjH9ZvpLLnjiCPjyLpFBHEifOMjbdhC6gNA4nCXbeIg5OT0VqZuH9DSmBUQ5Py9QlTYjanO4/s0/22Bahu%20ka%20Nasha.jpg
moodx,Double Masti,Ritu Pandey,https://blogger.googleusercontent.com/img/b/R29vZ2xl/AVvXsEiHtawdOb9La41GqET4efF7AyEK2EWMFQp8_fLTSvTM-Erm5xy4WzzDuiDy-shJmnXgkKEnzeZApGFdbDk5q75wfHuZZifXZydqlvo3S7FjV_jWZB-9kmJfYSBCH0bEwreIk5WSqID5WJWxSmzWA3kOiaBwq1_GlE7eBw0Cv0UaN9C1aZQnWqSN2TmsZ5g/s0/Double%20Masti.webp,https://blogger.googleusercontent.com/img/b/R29vZ2xl/AVvXsEgSnRltQSP7Zvv-IxAPF3U7fleZ-vhSUI5C3k2mPVBQVVITyGZ7dUPwBlpyYvAfLTJyrwFdcZM1h4tLH29yrjOCPZpRy6G5ORr5lLNuWnx4u6GzUt4CHHaZfLwikH7saJdFNJ7E8cnQanrMbWgWdeD3X3OUQih4UOT81pIld3X4-g5z2dVzmuA7IUaVZUA/s0/23Double%20Masti.png
moodx,Love Drop,Gargi Khakhalary,https://blogger.googleusercontent.com/img/b/R29vZ2xl/AVvXsEhBZ_7NLJE2u-FSHam39iSDnLUnIvEGWu-uIINtnvsXD0KzF_VUG9WL8IxIpYlBTl3dBjTcNme0iXajaPqO6pL3mrvsb9WTxQFIsHQFRTX7U7bFu8BGrZ7yEuhY2tIvkdmq7P3UqOn7e1PrmQCXA8O9yxFksRv-dsOf06DrBq951n2y1fU7u_z7Ox-ftek/s0/LOVE%20DROP.webp,https://blogger.googleusercontent.com/img/b/R29vZ2xl/AVvXsEghNNuMMYxg9kT7LGXVRj6Q91N7-JwPrPob7kYYEkuav0mkQjFdxvvsNVIB9niHxR8GFlcOaq9iLTA-Lb9cVGh-7ooZpZq-RLdGeZUyZbBzpgXX96nCFe6SjLTt5S3FQjxOP2wG0LTjBw7V8FaInIWRpKoU1SUe0Zh5MeiXqBYTGx0dZ3oBSCYus25uMCc/s0/24Love%20Drop.jpg
moodx,Director X, Pratibha Soni (aka Divya),https://blogger.googleusercontent.com/img/b/R29vZ2xl/AVvXsEjs6I3SPinsFB8wxLhFrV0x46uSjaPqU2rn-WcIY0tuFo75xxqfl1VAC327Y-oYCN6DguE5yMLRy65z-b45up5W1AWGxjw9_1Oo40ihglHlUMiJBzMCjBjl9C2wBuSkv2NH0ZrtQxI1aEzwsP_IvD1UzKqGxwL8Bt63Z12bkmLMNMImrpxgdkm0abFQs8Q/s0/Director%20X.webp,https://blogger.googleusercontent.com/img/b/R29vZ2xl/AVvXsEgGLSItWjI-2qYlKCEIgBAA_sJYkiQNIsCwLowG9R4cYSXIwUSbWcGPcMsHzKVvKSbaB-CmoUhxC7WgxiJVZLWK6eNzfqJdsiEb6sjhx3Ka6470wNNGtPn9MdA6A9cXd5_UHFuLqKXRP-cSIGcaaKK8Xf0gNHsM3NAP0U4ixNn24pL2TamyERPq23-x7Dw/s0/25Director%20X.png
moodx,Chaalbaaz,Alka Raj,https://blogger.googleusercontent.com/img/b/R29vZ2xl/AVvXsEhlEipuOPvf4shSAbZmchkC3d4LSnL_6V46nK57WpSPgPRBGpubsU9vgx40lDWoGrMoOcCmmNgrokpKnpOjF6J5JhE6Pz4KSGEcQM24nWsne6TcwX90m0WwQMjfuSBK2ucX7wivnXS6jyigLfV5JyWI92NR8fMNrtxUx9I7WFhZkbRH7godRl6Y3e_UIh0/s0/Chaalbaaz.webp,https://blogger.googleusercontent.com/img/b/R29vZ2xl/AVvXsEiI8aRO2rGEHEz5culd7-UqPCd7MvkIcS4XgirFATFlJFXoPjQX9QzS6jS5yPus7ETGtdntExsu9yzDfRkhMTmimcE4CNEpz6EcWkukCItN5jlPq6IxlDHGlwMhTRnI-3HnWJ8Voe0KNLfEEHzapJ6Fl1f5eeUfk9t5fv02xTjD7pGdalNDTQSNEsxWrzI/s0/26ChaalBaaz.png
moodx,Wo Kaun Thi,Ritu Pandey,https://blogger.googleusercontent.com/img/b/R29vZ2xl/AVvXsEh-8IYT8nO_kb0jBIttT2XaEQzNNq90CXMcgBzU3_YpsjXOYV6qVTbZHPQz3HIHy4jt4pf_6iaWuLhJLg0HiVwzMoKq17EHHngwou2k_qkwYhdyBfpsDLCkTSU96HfVuAnjpPLPdamABYkQtjCGd2HiK4rdbk6oq70kJBhPXzJFzU9ZmavdXcySi3CdoIU/s0/Wo%20Kon%20Thi.webp,https://blogger.googleusercontent.com/img/b/R29vZ2xl/AVvXsEjbQvGH0zo5syll8d1dfSq_7bligl0f2XrUF3jitX-K-ItrJJN6qU8VhGGeM7Ijz9SdnGZPIOY3p7BcyGrKQ9Zd2hKO8LQo9QDNq1oj3vh83TJTaSlZ-8dgjlmFURSh2eos-XyGFW39Zx7y1BX70GsCDGSuqVGqMdlFnd__oqSueiSTbL-5p0eSqTHFrOI/s0/27Vo%20kon%20thi.jpg
moodx,Kachchi Kaliya,Soniya Maheshwari; Neha Ahensai (Rozi raz); Alka Raj,https://blogger.googleusercontent.com/img/b/R29vZ2xl/AVvXsEgvElsNHc_oeHZWaifrU_zWZZz_BWfhXVEluKNWNRMVOsI71sCVLEEEfwcod3CEZc6n2QPenr9bDbrv8VVHBp2dUwqtJFut15TGKh119X4SuPi3Hva_hDmPEnbfde0q8ZAgO3zB1t8OGOd_4Ki1MUPvo-o5TuF6riGqX7cStAn6VpPqB6ONQ8Ht-KFvVgY/s0/Kachchi%20Kaliya.webp,https://blogger.googleusercontent.com/img/b/R29vZ2xl/AVvXsEiFV3o8V16_x8l_iRoXP-Crx6XNcCnGpPyASCPYx8DHiwo5_Id2betn9z3TuqfAO7bZKsQrFA14wQdpPtrf49Yix-IgeN2swcAlzmJGaU-ADlgpNwgelcEEp68Ov62Mz_VbVTWqZf1RvqUzjXYHxEmllowIkWp02VeWe-n64b32I4vfEJY2YCZFzJwExFY/s0/28Kachi%20kaliya.jpeg
moodx,Lighter,Baby Maluzz; Sapna Atwal (aka Sarabjit Kaur),https://blogger.googleusercontent.com/img/b/R29vZ2xl/AVvXsEgPhZjzv-ujlaahOW-lwEQVXL8gBjukZO7Me5buVetlJ0aMwugxvIyHYTV8OM67YCxWncEJc-UD26iLJlTKWSdQ9pWhrZaoz0CZgMOWuid0zsVT4vjHPyrv5lYEaxFw1wBp3EdXHM4bOcsY0RYnsM16MLsZcNMpINfi-IWpl2MJcSltPlnEGk_1KgqbHBo/s0/Lighter.webp,https://blogger.googleusercontent.com/img/b/R29vZ2xl/AVvXsEjwdxpmLE38P50Iq5CFBynYQej3cp447Yoc-s85WL_TQP4sgtO7qv6Y7TzYds7jZdnvXNmajnlWIc_PSi44QDl1AOHU3cPTZSVIcoimaenx1wFx5ExcRvvqF8aPFNq8bgmZHIdp_V2NwuqZ162dLliggA3C-jmuS_ZbX93xagdqmCw4Hog_UCOudkdGSzE/s0/29Lighter.jpg
moodx,Romantic Shower,Alka Raj,https://blogger.googleusercontent.com/img/b/R29vZ2xl/AVvXsEjPGOhFP2A_-cOD0NqgHa575YYlNHVOzxg70LsI-9IcaPGuI4vNuYFIgIL9wom__h1mZnsZiW_UV8XiBcpCDztq8UfGHJwR1ABlOlPIhCg48mbmw3XUy7075Tdlkb9T8CfeKNIGAA0oG8aKKGmZE3J1uf2lFeLg2BH7c4tQw6oIHz5TxK1yvdLqDSfYHgI/s0/Romantic%20Shower.webp,https://blogger.googleusercontent.com/img/b/R29vZ2xl/AVvXsEhrouKpDwuhzFCzBxcT0b8Ii3q6ex9n6f2701OhrzKz2tRG4I4OVd4UPaPqbphqkP-P4zssUeq2DBQdjdoqKYlLnhx3zl14pkZv2oFeenBLjUlE_QKNcfNr9jxjVFIC-VMD7RiW7MCz2sfql52Zm4Ge4etuh-NWJRPsd-1Wa2K_iJxlyoWjWN_Z5ZvT8oM/s320/30Romantic%20Shower.jpg
moodx,Delivery Boy,Neha Ahensai (Rozi raz); Soniya Maheshwari,https://blogger.googleusercontent.com/img/b/R29vZ2xl/AVvXsEhGDatoRuu0tJbGqrMbo_lqyExD4gInpDWC8ly-QWpLzVceBtI1IlkCJN6IZJbwuHZMihGVGYCQfBBIx-aVAzVnUllx0DO-SAJVN1vo-7fZ2STYvfaOhf7Hd9Br0MiNGZ1mlYYZmK_WZOZtha5Tsfp4NF5kYqNUmi031ZwPh_rEaC11JHHFGB-FRuUn5oI/s0/Delivery%20Boy.webp,https://blogger.googleusercontent.com/img/b/R29vZ2xl/AVvXsEgsZ5WKjC-kcastChqXVGEr7j9JK-QQU5RYP54YWMtfO4Nq6zYNmFvQzfVdwZ82n7g9MeYPaNxjVeP5DjN7CnVMnOo4te02efUcXFuDfkrp4Ng-LVp2qSdoXg5bGHk1N2bVDpIyFB-U_aACw6gCiYux3l7G_2frUOlQCOJuD0WBRypRvizmMZCcos8iE0w/s0/31Delivery%20Boy.png
moodx,Boss Kand,Neha aka Nikku Verma,https://blogger.googleusercontent.com/img/b/R29vZ2xl/AVvXsEibZfcLxyOqXFwQev79ge59tEG_3bT3FI3zVGAL9MaNtuwZk7VhdqZiQZ44thvZzAObvJ7Xm1lDzjj5jf8wZfc27g1JUTL09i17wSxpHgiSvpQcWM4n9BEVljtA9MOZ0lNKWUW_elVXCdpz10dIhM49_rqehTN4eK7ydr8MlsuIb4LPNHPrzX1RZtgrtgs/s0/Boss%20Kand.webp,https://blogger.googleusercontent.com/img/b/R29vZ2xl/AVvXsEicMxTFjMyEyZ2giMA1H_cvqexeJXXMdLNF2RDE0eHec_FCoSTPyMTTxqAbZ8WUOCuFFDgK0NxJ3FlMTspBh7n-tkGulM-asIL104uLNimXcgv6vx7Qp0fDk-rFRzPDZKorbZyOZ0ZPXxAL5XOyD7S_1ITLu1PgjstWYqUB8_OCuvnBAMT4ixj3pIcyLGc/s320/31ZBoss%20kand.jpg
moodx,Phulwa Ka Phool,Natasha Bhardwaj (Nikita),https://blogger.googleusercontent.com/img/b/R29vZ2xl/AVvXsEgPH6g2eNmF88zY67IL3DEUq8nPwjZre0T2zd_-sLCW63sGIiRDIsER4pZWrMu0Ppyeptbww5JoQCN92hJTz6tRIXQZgr64swkQcys9m20A0a2hiyMpycy3x1BjNNClp-qEUtN81nmtNBZ8j0R1dWMZtUkx8VZ1Sxs_XytBFJtr1oSz-vMGOmg7mxWr800/s0/Phulwa%20ka%20Phool.webp,https://blogger.googleusercontent.com/img/b/R29vZ2xl/AVvXsEh64C0L9nNVVynWT69e1L4hCuF9YalbXI3sitIc43EHs9r8WnYxaVMXdpXulWL0JeoztSRZ3RctgphimJq-O5IFhrHzxhFLCFepE2ANZFAF7g7YkAs10VaGxw3E1oUDPQ7c_boGC11Sm5iUOXCUVhzNoEZlhIzBGm8XK3DB0uvsbEKtLzqXGSownStWT0A/s0/33Phulwa%20ka%20Phool.png
moodx,Savita Bhabhi Ki Diary,Hema Rajput;Aman;Vinod Tripathi,https://blogger.googleusercontent.com/img/b/R29vZ2xl/AVvXsEgZvb-p3y9IYYuK6BTLgskPup8Fq5wLiLexoM8D9dcqnC97oR9DgI6__vGIm_xitMqCWN9QOcPod8HPWjKJgrjORxFdLQB07njw75rbH3wMCqNtzZSSXn_4-nXF_-Qpr85Bs70PBs-l5L6b2wudmDN471mvnesOJkrMfIRwS6o21_QhY3sWvt2fLm4RMYE/s0/Savita%20Bhabhi%20Ki%20Diary.webp,https://blogger.googleusercontent.com/img/b/R29vZ2xl/AVvXsEhH7NkVlOD8FwLRbHxhoBLpv-pSmJkR6ICJB-2BXDynvgMGPGzOL3vvpA8T7bQJCvgTBZjcQvSLFONG0ny1gkJdy1iSudRBsjPDIjqS9wXVQgqLT_-mZCBfoBi8jMLkyAKouHaEiR6UxNn63AOltmaVsFVv4fBC9cnknBLutQn7PvsSOYDFjljDa8L1VN8/s0/34Savita%20Bhabhi%20ki%20Diary.png
moodx,Blue Film,Mahi;Vinod Tripathi,https://blogger.googleusercontent.com/img/b/R29vZ2xl/AVvXsEgcZPyB4KGmeWf0sVGc_g7YnJxZ6tim0bow1xtMuafw41UctPVdE3BjXH9Sc4a9xHpoSkyImCocIPx_jkJmUX25WiMd02ACx-h0qWQATw9dOxfiMDnZlE0fvHAM9As1K9tN8tM6UfPbnrUWMoS92H2LdEsGvYVlZoNzEdIPhUtjSmOGOaep9V9axSC5rq0/s0/Blue%20Film.webp,https://blogger.googleusercontent.com/img/b/R29vZ2xl/AVvXsEjunT5nP04083j75qOPPUrLIc5BA_xqdbdFJA00Qr059tkbwtSBVQLclleHbRz25haHGwb4mmrvY3_hgVTkwyAoQa_O7ZNd_8-4yMBREl7VdSq7KnckIXeHBcumJZeA2j8WprO0rOL-cGhWwsfj6FpfCY-xFVBMwBwpLIaqXAj1IqggkuYTyhFmlzP3ztE/s0/35Blue%20Film.jpg
moodx,Lungi Me Naag,Hema Rajput;Vinod Tripathi,https://blogger.googleusercontent.com/img/b/R29vZ2xl/AVvXsEisM9W7bPWQYJg7uBfIdWFfil-vyb04q43TADdEpTmC6FIhvZ19QPt5jCX4Em3C-HBehQLpI4QU-bQEruIejQ42Z4sC_QjHUPb2TqTsDPGdjnkkuvKU0vCX86ZaJadVSAO3j5U3gLhzpfSLVEU-nRHVmwVhrNKaoi4mBG-fuGqPX-IjHkblGKavjpk2KLw/s0/Lungi%20Me%20Naag.webp,https://blogger.googleusercontent.com/img/b/R29vZ2xl/AVvXsEjmSQImHf3-68ykNutvt8H8tkjY6gZA0NUrYW4Q96NgwthMQTpaBLg-Aj1l2UjJ68yoaatB7ru1aermXA_fG3VmLeyiDLUzOdbWzCNkTBoLu-AwK3esyWLyq8fR9V7DsxfjyNqB-GiAVhI8vKii49TNkzWoz94vHRA5nz7Cvnm4BljxEp50bbpOAOK0Pcw/s0/36Lungi%20me%20Naag.jpg
moodx,Chaddi Badal,Dipavali Khandagle; Hema Rajput;Aman,https://blogger.googleusercontent.com/img/b/R29vZ2xl/AVvXsEi7muDFtRRXV4UjpW7CWmCFL1NjMpmp_rLDWagJ5egx9rjwVCOjIS0Ka24BjePR1089YdNJfcHl5LfvoyWM6PRFVFJROj15skzgHxJnhI5Us2mvEPOPogrDQrRdZCgpkOUpTkMH5dsh3YggSSSTkiesajojcXFCeaecRu6qPtT63DBtWNvZ5124ysGZSDc/s0/Chaddi%20Badal.webp,https://blogger.googleusercontent.com/img/b/R29vZ2xl/AVvXsEhRUoTreth-8_4-Vh50WUiAFd9gZXe2hll0uA9Ui64GCfz8jHbvHOpnf_XgQrH-1EmHrCQrWm6nj4btxqk-AOM7EZPNqeQW06zlfyrUhks8Kz9Zp3dnxg942bLt0Z9VUrWVc9i6M20MIE3g15hSGPp3ksofSHhwp-Xji6gNhk-QjRPHgNrnp-B61x38Bkk/s0/37Chaddi%20badal.jpg
moodx,Pushpa Pelega Nahi,Dipavali Khandagle;Akhilesh Yadav,https://blogger.googleusercontent.com/img/b/R29vZ2xl/AVvXsEhFI78cWvrRCsYSo1SyCXYdh0Kl38d6yDflRe7MCRklCPJKZDODta-kyjGc7kwf-jhoCDr4-ldpcrEKE6EZZLKQz9Mz4CHZu3Pnf3uH4AwiGF7WaWTASV1lIWg49oAekxlridv6M2qU4TYq1stxBMYBri4q0t7OW-nyHxIW5t4BnuZtmSPd_YTeUBRWEiU/s0/Pushpa%20Pelega%20Nahi.webp,https://blogger.googleusercontent.com/img/b/R29vZ2xl/AVvXsEiJhI1QDK17U6gVeRpFJEDyLNnKLkI1pctdLLHMNpoLKMB2bpXO-Bx2qTSh4NuTGpsSEig8crqPbIjUl1b9uCPkKdIMlZzXDB1gZPOpcb5N8V02HGLz2ImH0f2kut4qBqb9HzC_xDyFFXUKvVFtNx-xqqBwmpFjSXy9-b4i_RC8ZR4t0NKQ-fjGhf8sHWY/s0/38Pushpa%20Pelega%20Nhi.jpg
moodx,Chacha Chaudhary Aur Rahasyamay Boond,Chandrima Sahay; Hema Rajput;Aman,https://blogger.googleusercontent.com/img/b/R29vZ2xl/AVvXsEjK4cSX1h9Z07yjP_HZDOEIhapnp7Rk-WyfA_0UV4bsXgpbghuQQYz_jGu3V-7ASWJSlJ8jLYEcv45fqmGtwW4RyLfoNYruycq__ozgPRzITz6Y2AGgh8ITXXY8O2zWhxTcwI_HVYvyMJQfDuN7z49uioH5GE_8s3ZKgMRSvTQ4nNJOb6rKCRxIToF3X5I/s0/Chacha%20Chaudhary%20aur%20Rahasyamay%20Boond.webp,https://blogger.googleusercontent.com/img/b/R29vZ2xl/AVvXsEhVv7_aF86izJjwST5iN20Wn6d7S0ASaOLUZICgPIgQLWSwcOenHAugDmOwgABJENxgMmwRJob-ofWQ1pGD5e4d4arR2x55v-yGo5HqYVwGibq3cRQT0aov0-bbnJ3N8IleD7-hXg_YQO7d3yk9UCN07dZp_YiJUwCdzWQj_xmpyjXQB4s7OhrUKSyxCE0/s0/39Chacha%20Chaudhary%20or%20Rahasmayi%20Boond.jpg
moodx,Anjaan Raat,Chandrima Sahay,https://blogger.googleusercontent.com/img/b/R29vZ2xl/AVvXsEgCy3Wd4ty5LLTBVCy8-hgk3ZGyqG6QGTcVUblz59sMWbTtw4QwX8oP_qptbWBkVetKQ_Ilcr4dV-P_Yn2SIkD9I-dwTgl5rJFaczo3yyz6ZytVkuklqWUmireEaftjcp0_QGaUqUxoW_03m3lRIkqAj0w4tr-LkayuL2Mr1Mw1sJkDF82lYfiD2zk7gPQ/s0/Anjaan%20Raat.webp,https://blogger.googleusercontent.com/img/b/R29vZ2xl/AVvXsEjR-UFjVkIY-GRCnrFRvx1dC0FY7SqkXanyWT_6vuF5JxgTa57PtnTpApjWG6RT8hUGJnDpUg9hxlkaR0_vahNXrlGFQwEoX15d9j11lMHjX1RVHGZOMO2Lg9-uwkS7sAumiHCu1EnCD9qH0_xmVc-jSgjmALfs6y5dYrgCyqJiyK-Ibl6wDxlCRd9p1ZE/s0/40Anjan%20Raat.png
moodx,Adhuri Pyas,Natasha Bhardwaj (Nikita),https://blogger.googleusercontent.com/img/b/R29vZ2xl/AVvXsEgN-oxAdyX3wCbCczpV99zFeAvRhQrhshi6tQmpzfB12oX_o9l72pUHxuz5azVte_h3OgKA0HHMLSKhjYSZ3f7Yh3-rEqBu7byVbb1xugc-hMN_G-DLOUxc40y1zM8AQted7XtIsUBGSGo21cIsE0tQXIRBKi6EYFd-INDVL7qeBEpmc1Vr2bjfOVq7MYM/s0/Adhuri%20Pyas.webp,https://blogger.googleusercontent.com/img/b/R29vZ2xl/AVvXsEjr8ya2N1XbK4Ynj_VVMJC4GwrYtoAy2wvzz2qcREtxolvaJLcjUpBAwS7UNu_2krm-sYMDFB3Jr62ETe1S00P6EvR9524QpKw7M0tznD1y7gkw7IlXtnIGlL7Oqu8bXrLzULUX-tBihI-MVtcG4d3DgMHQay7PI0JvDC6wqdAXslYCSYnkotE3hA5BGgc/s0/41Adhuri%20Pyaas.jpg
moodx,Love Massage,Dipavali Khandagle;Aman;Vinod Tripathi,https://blogger.googleusercontent.com/img/b/R29vZ2xl/AVvXsEjStIot6bAjSg6RAqpEj3DJMousTJkpEmgUQ2z9h3FcUJyzOk8zAd8WaQOollnrWPcHAdFA1vClAPwXnwpyDtQIzgvFRMpRuk2kx0p3zZ8X7eXaSvgMDndV2gFLWnbz_vKtB3GNlODEsYVICCeND2-q6sE0W0y8qloNv2n4qra13TOFk75HQl_7oXVQNFA/s0/Love%20Massage.webp,https://blogger.googleusercontent.com/img/b/R29vZ2xl/AVvXsEgn8fkmecd3VBOGD-AanDCerGKaZNywo-mMzyoywu5uO5PNvx5a26ayxb_HR3V8v1xkmTEtYWehGMwrvHcojMvkW-iBw3vGiw1NT17lQXv66mogD8uDFL9bDTkizHkDZrrKe6OSmaeKMRmKi27Y1CpIZuXb2ARyZD3CRoQDFSIldVUitqax4srUb3APVfE/s0/42Love%20massage.jpg
moodx,Rangeen Bhabhi,Alka Raj; Sana,https://blogger.googleusercontent.com/img/b/R29vZ2xl/AVvXsEguAy644Xma20-wuPEnBLx4vRi_PwAAdsmcOzpvSiT_pbKEaGUHaAyvE9rdHXddN9qY45XoF9Fi_R_DVtmxv3t2fFgcaDNAGayTYbtRtoHLF9IPRTcYTCyCZOLUdX9nHco4AbHYuAg-fO4zr-5OAM9L_HQcSN5ilzdez3QE1eiQiF-9D3LdL3glsYLomx4/s0/Rangeen%20Bhabhi.webp,https://blogger.googleusercontent.com/img/b/R29vZ2xl/AVvXsEg1-BrSeK48z0y9I8JRRxU_Az9H-GXzzwpoQsDImlkcOsPEzqgj5hi_XFo3a-YNVWQLP7fxrvIp67KBXyir3YRoN9lzeNg1pbAch6NCFPhJbqE0bXkPRcrusAWjLJNGNAdzJVuE8fLIYK_irJ7mn6YGzymzqriqw6Gcob4wB5kH-EwBPOD5qaGBQuXVBRI/s0/43Rangeen%20Bhabhi.jpg
moodx,Heroine X,Natasha Bhardwaj (Nikita),https://blogger.googleusercontent.com/img/a/AVvXsEjuVYsWYixqBRyj9C28m2Oa7XAqLSumQSD0h174wkHTxgMlOlYThykooyjRSG7YfCU94d9IKFEFvJtm6xY6Iuq53ujbRebIlyG7yPoKSRy8Ngq0Vfwp1fwqkQuIpRbquSOF7RTEWEjGdJZBlWQ4ItzAaz7OkDp5N4iYJwKvCafgAlz9itOVKLQLtGe7y6E,https://blogger.googleusercontent.com/img/b/R29vZ2xl/AVvXsEiKYQbV3SXw_ZY61mH5f4sAZ-u7Pfs8IgvjhyY6zQYAmydvIF9svpIVN_k26QNZJR4I9SB7xJfIukc88sfWf7OG3OnBSXfvhZL8QLCOD0vSBqzGdnCgK1NUOuFCtMOcdNXeq7Ak3reSESXvVbI24X9HFz_PN8IrZEvK0df_Jv7cZ1rwpuzhrYePbkdfr4w/s0/44Heroine%20X.jpg
moodx,Doctor Darling,Dipavali Khandagle; Hema Rajput;Aman;Vinod Tripathi,https://blogger.googleusercontent.com/img/a/AVvXsEi_G9VI2Rugk9BEpDqVJeBMx3W2sh-2T48BaEgTUZBe5KQOfTHhWnXwk4erwEsPMMyACko1eD79lvBFxNrFB1aJFUDYc3zsTi2SgsTLP-yHt1Mz6AhR6lPOr_NzzNHZvWnPRZXE2ylCyiNb_vfxIpSr-eBaLfd_uTM9zUCM7t5EZLfaMbc13-BoEPg_f1U,https://blogger.googleusercontent.com/img/b/R29vZ2xl/AVvXsEgMmpg0uL_-Y46rAVIykAELCBL04WMgFVDEJ_8T7-wRiiDOFcd33rIK-Q21yHa9CsmAOOeg2Ew_6DjTg0MOL4bT8Tw31soZ3SMaxtt0rvXuN49At488-Ju5CtIEXIwbXeFY3PH2sMLJrBo3lt5rhgb0KTmmPfDhGfDJLOud-oweJAH3teYH0r3fHQvoq_g/s0/45Doctor%20Darling.jpg
moodx,Bijli Ka Pyaar,Chandrima Sahay,https://blogger.googleusercontent.com/img/a/AVvXsEieAcSP0H8HWLVJDD58uOAmgj-dmcWxYEQIo1_YZeiGsmkV6sscNsG7cjnrwchlgJL3hShAqGai9s19ty2BaY_A5xS68Qoqrt6p5nlzpQoPxr4DgDRHeBOj7xLx-eefaEd2Dy8qRnVmLJsOzkCr-8nO0p3-BLDc7CVmIjjT55s4dKu3R4w0bVikCERi_QU,https://blogger.googleusercontent.com/img/b/R29vZ2xl/AVvXsEi2mknjYmaYBpwYo1TAjw26Bn5wL4Js5n_Uj2Ga0PZVLR0uos4vb7PHlN16_8GF7gqT-SqnZwbGaskUn2WztTtFrodkVm1Jnam85ijqPgzor5GODAXpLtcQ-knbnpJ-3QLtcr13AwKeoQerQoINCQuDezJF-kytrn9Y4247ras3W3DCU6F14CmzkPHvfTQ/s0/46Bijli%20ka%20pyar.jpg
moodx,Gupt Prem,Natasha Bhardwaj (Nikita),https://blogger.googleusercontent.com/img/a/AVvXsEiUIR0HtLY39lrlkSGCPSlR1L0D6B9byE177T9qRYBiYJx8MVIO_NJq5EydMv8tqbvUF7jTmIKFknsqk7nviE-uSuxGxlEQwCVT19KD9g_vYC1btLisuPvbVBZWuLV_pP_fEE1vpN3xxkoC9iWVVk92oczuKm6aqNgcsc-L1R4T6mW3wIV6yFgxXViQvCs,https://blogger.googleusercontent.com/img/b/R29vZ2xl/AVvXsEg8zRfgxkCgPBqFmLLu0B99o8jvNZZxapasw9D_OzmqepWsAgELDVe6oP4VJnTZosNtTdDuoOvuvBDXIy6fNRYtapFA5BRx_nnJIh-ok5LnXSgTulmX7QG8Wgc2m3rF2h5lst5X195M0lI27ptmQDVFBrNIpILM1v1C5mJW9aZmbPJA9MYK2qbfwHJC5-4/s0/46Gupt%20Prem.jpg
moodx,Double Masala,Tejaswini Prabhakar Gowda; Sanavi,https://blogger.googleusercontent.com/img/a/AVvXsEj-QOYSjklXB3ZZcv5J4qKpcZ8FmbHgy2o2R0iEA9h-tNSt1rvmxLbYtlrETUShpYaaFMxD9opCFTPhElySLOHaGiTRWwDMpHHXgP4NmTxMudbw98ScSDyYLeMGL8bEQKVcd5eEFjXVWfHUIFRCUcfI1dEveiFsL1Hl9II46PnskEQDLNhOotLOjn3uASQ,https://blogger.googleusercontent.com/img/b/R29vZ2xl/AVvXsEhTe8_do-hp4QEJ4TSXlDiuD7IdnlauOnG23V-k0p7Pw8wKghtQNjpMP8x1t5PmWhUCfb5REvSBYCWu_coEUE22Cu8IUC2GdRNVC8S_yEOz6ZAISAGItpCvdn9Rw6q5WTdFqI1hZRK8Pfc3XSMi3HhCGfGOD9CVjqWs37FM6YGScIVoTvUVgSPURDkmUXg/s0/47Double%20masala.jpg
moodx,Raat Gai Baat Gai,Chandrima Sahay,https://blogger.googleusercontent.com/img/a/AVvXsEg7TYEmcdCQ65dhbSiGjrBqLTlPyGTonUaqnr8ZXXEQ5BBosPxTKPjIVzo3NYDykyB_FJUGjGKdLBUkXLLBaLE_ZvSSzY_pUEV4ls6dCPuAlUmZ_-J94-szcvjYgz4ulCdNHbOnSGFe8RyqABK1Obv1W-uYWDULB4pkpIFSHfe0-raMEIZ6KDZQXy5v-9Q,https://blogger.googleusercontent.com/img/b/R29vZ2xl/AVvXsEjQQ5EbUZtq1K9RY2I3fHg0ZYeW2IAWsl7xNkh7tX_s25uWjgPX9ieQf3H6zvqWxpBETy0NyctNpWdfG9ddezBojHxEsBDTMSQm7k2Pd-aop82nBJUVV7HepjYytAGrhpVEaV2Y7FI9ydHx5HEXausWmuX_ivRQW3uaqTMXx3oKkdikGf68oH_h_rpK3ns/s0/47ZRaat%20gyi%20Baat%20gyi.jpg
moodx,Pyar Dosti Aur Dhokha,Chandrima Sahay,https://blogger.googleusercontent.com/img/a/AVvXsEhID5qgWqFtKGflsYG4tx8SK_BKjLeLI3IGOvV35B11wBXZTYD2QpovJ63fWI6ezhwPqYBdbXZGvE3TJUTkmCA3ssc1ZnVygpjY9U2CF_I68W60ithJS_CWRzUYj7lBOlbiL8DVQ4CBbOfiZIJ_mUCg79KqqrNSKBaosWmm2v2oqM21Th99W9lB9ymp4cE,https://blogger.googleusercontent.com/img/b/R29vZ2xl/AVvXsEjAye_OaU7vsAGn-fS84qg-CuMrOvBuOC8c0sTWfgoJaulF86O_f4ovXUF2QxYgR_tScjd0G0CBbK4VIl7mi3Zv0wP5fLk84SQZ6lgKwNfJpX9T2eIPcDSE9k3XA8_jOKCuPXiZu4qW_aYnlimCzGcCFcvsIQKZSY0dfCCj0lgN9KJVwG1Ginpr_rY6NKo/s0/49Pyar%20Dosti%20aur%20dhoka.jpg
moodx,Dark Love Season 2,Neha aka Nikku Verma,https://blogger.googleusercontent.com/img/a/AVvXsEjepmzSyCRSAigGIfJwlvjqp7e8euT2FxNqhzmBZtoBbvbrwCkajumPzcsi9Jg6bClSu4HlHmPDL2-FpuLPhejb6Jpl4LOzxvF_Iqfwj93FofIayNDHgClLtsG4cbt0IIgn6YX1HpfZ6h0f2DDHteQ6WCYUK1CXUU_JGGxGigSCOFaQKbJiaZIgC3lvbiw,https://blogger.googleusercontent.com/img/b/R29vZ2xl/AVvXsEi6kz8POW0rmRYha56Y5SVn7ZK7hDth3Rf-cRQl2W5mioNndCL0mCEddciEXIo0pNgAFXFjrLW7Pc-HKw550Rme9MUanW5ZTZb7abkC4D8E34WdJ6Co9KCRGB7rfFnz-xX0o5BDsetKM8ExDusdtJZE8KgrtewOQoN1MRzofSXXTudh_bCpWyPci0iXTmE/s0/50Dark%20Love%20S2.jpg
moodx,Nazayaj Rishtey,Sanavi; Tejaswini Prabhakar Gowda,https://blogger.googleusercontent.com/img/a/AVvXsEhMiEq-HhHF-p59K_16N8AvlfDUUEVUzG-H-USaat0VjKMB5PfgPNrCOIIaI4Dp4meWk6SZXv-i3SZE-9remxBBpVd0HNO_-9FWUeyurQ7pFs4UgBxdliIXNPMbiQu5HkrduXxBPQe3W3iCBg4dGc5k8mBX4KOX7zny7Oc1709HCFHy9_SpaVwI8bbpi0g,https://blogger.googleusercontent.com/img/b/R29vZ2xl/AVvXsEhztIHHv7EL2j1rxl5NZUJZSy6BRBirCuBz5QeZKeks8E9HrfLa8lN0RxqNvIpdX7ph4ZBadTfkfEa7ko9E3yjBAyCr1laL6T7WsPfWKVhv-gPHTk-Wq2Mt8qA6r1WBkALthqmfi_8HBJVFr8mRtMEHUKSv-G_7XO5ac3TqWmBL9JCwZdGy_tVSKeTWHsg/s0/51Nazayaz%20rishtey.jpg
moodx,Andha Devar,Dimple; Alka Raj,https://blogger.googleusercontent.com/img/a/AVvXsEjOPgDH0owVECUL4lU_DSmVuT66hFPv2R5EP6ViVoif8lumEcQ4HLF19GpGK3v-dEw-5VELLo2qv1XKDKcD4mbgjirLuItLUQg1GPt4NP08YCmq0bADcoy0RWMepq8hStiydUBcW1wxsI_f-sZYHGvpFCW5WAT4-odvL0IFkYCSUMLaWoeyKeV3ZMN-DyQ,https://blogger.googleusercontent.com/img/b/R29vZ2xl/AVvXsEigWErlKOjgGhVSMe03O-Jc7L-85uUk0dWIPQ-YiAZX-IujEN6uugV4Rs7hhOOS19k-BcEjtqVy5w5DvfN5YkeK9H6EQtQ-51Z7uNVJ9i2oVfzXNM7fJIE2TIEw8GVTKp0pHCDgvBWbGDaIOAFxH7dY6X8w07-kkfJPkZzkEtcsLNWuE3LXIsiY2RBh08o/s0/52Andha%20Devar.jpg
moodx,Gumnaam Hi Koi,Alka Raj,https://blogger.googleusercontent.com/img/a/AVvXsEjzoLroCsJmfgIDgMZ8fyA9VuDy_6UxpFt6wv4-7QL8QRz5_G-F2XxGZanEIn2XjvkZkud3hvpYj6vpiJG3GzvLaZcgJKrBEECvvDT0qY5GscO4Fp_G4JQOMA6NkgMf_jgwnH-w-GBFullH6Pk2C39lmwsii5xwses7gWOPU6GEbIosm9H4I20SKhuW9Jg,https://blogger.googleusercontent.com/img/b/R29vZ2xl/AVvXsEiD6CjYL3OItt5AnBoPu-QVEiT3HuFq1WakZn2FXtPJwV7KmXfrxn6Vswhgs70reE5XoexOlPo2YsrXbrM95P5q41kJMbtKSW24437JChVWiwhGbpjRKqbtbqfPqQ6oyopNAd86mq89q6bFkpIKum6UmSGFrXxbjwj2q_JOmTjFHis_IQeDjwfrVaZ8oMU/s0/53Gumnam%20hai%20Koi.jpg
moodx,Choli Me Chingari,Meera;Aman,https://blogger.googleusercontent.com/img/a/AVvXsEiZfVNYjj8x_T9nF4q49KFtOCA42BKRIDMsxzGNt-18gaYtKNxuJL1bUVTPCO36iKpKw20RKSi_iMEFGXVEuHo-WtEU_Q3KugnlOufk7HirUpq37xiCk1lR4MuEt2nIX0_wOVSXRKD6UL38fNJCiPsuzG5pMV59hmjaHR1s3sSIWfeXKWFChEoeVv-SR48,https://blogger.googleusercontent.com/img/b/R29vZ2xl/AVvXsEhKDazsZSnnjUeXW1tAtbdgChWs-4bRXPQe0ILxyUJ1_HIyLFa9GpdhIBuy5GOOHq39RiYOQJm39NR18EXq3uF6vSS3QVItpipqHYRZ-bP2Xw55gNRHSiabYZlQmzA0yqVSsuPm5g2j1ySkI-ShlZAgCa2qMv2eq67YHJ-XI2t4OvbVgdUdR7q8n16U3Uw/s0/54Choli%20me%20chingari.png
moodx,Ratri Bhog,Kamalika Chanda;  Shrishti Sharma (aka Angel);Shakespeare,https://blogger.googleusercontent.com/img/a/AVvXsEhHxo60KSZFlfUqyCV_B-7sNgu6ya-9RF5FtkpV1P-r5t4aXtArVrshjkHM7jjm9FoFokvtB9LlJ58E7kPQS76ESXBx4Tau8WPoQFXwr2-hx1I79JRnV3PjiWsfxM2RTXyUpvQFpiaLgg5Dh_893Y8EXKq0ErNz2Cb6CXilSVXP_pvZPxHsaqR1g_YMQsk,https://blogger.googleusercontent.com/img/b/R29vZ2xl/AVvXsEhaKxLkfpBq_kZ6-RhIwts6iuLD26f_MKNak6XR-XuM6VVMn6AYjD5GFXUBK7sd0bCtn_eAOlx9vnheWqy2b6Md5fE2C1h00LOh_c9dJpztIC5YGlx4V5aeUWQSNzzTURZFfsFvYVORw5SfIsOG61VWQtiPl23L1C64lgrSud4RDT2eXftPlAUFZ-lhsI8/s0/55Ratri%20Bhog.jpg
moodx,Raat Ka Nasha,Kamalika Chanda,https://blogger.googleusercontent.com/img/a/AVvXsEgAwsCBUMcBakVLdJf6GqITfjst8mtyUavYXo2lXCyHZ2lf1EoiCgOFNdzYTGhiaRv9FbF9Sp482-Kpe7CyCQ5JymnXSZGEdGWpu8tW7RUYILNq8XjYNnO5cDhmldKZZezDfpQr9IXRUkcp8TaHiBHCBh4-SfrlQtiIbzuS6CONgF-vMd-vjB8IdasMZGw,https://blogger.googleusercontent.com/img/b/R29vZ2xl/AVvXsEj7Bcehlp2iqDzw6x73Xky7rMkGf-JGTWTP3k2xB5nWJr71rYS1B5Fkibj5RawzVJ6uwsEWCP5G492gOL-9GT9rdLW26xQJvPD_2TfXl69IWnm4vLDghp03zpexlwCltvMi6q7ndzMBZl4ZejMSENEdQPnKp7w3y5C7t3fOBFsmQTXZ8JDnbWvSXuDjiZk/s0/56Raat%20ka%20nasha.jpg
moodx,Dirty Audition, Shrishti Sharma (aka Angel); Kamalika Chanda;Shakespeare,https://blogger.googleusercontent.com/img/a/AVvXsEj36OEa0OCqAQ3zQ2SfVrTgUkYvtVObmAOZfey3vQfgZxEuW-8AUUu5A7dIZTLiokCr-KBJIRtB1CYJCgpeayEsxsZPBk-L58JK9_Q8JPONb9tF9wOYXQzZSYm5e_GYPdxRizwTu43WICdmtdDvMGu1U_kEusSJZ65l_nHJfxcEFojlfzcpoZ3tDwS1XOE,https://blogger.googleusercontent.com/img/b/R29vZ2xl/AVvXsEg3KC8p669qo_iBVdmsvlkUbLzPtAkoXpKPGS2fudssiKX3_AOWY0VXrcqQzdA9GkXlvSlAmuQR3_y0LoabOle7JX2TYW12Ux2yfuhpQGZSw11hluzNxqDsLolHrD1k-OwZ7x3Qt3WJAkxsjpx_b45i94Z2rKsx-nPjMOAm1oMRT4A1gd_2hC0M-2TWx5g/s0/57Dirty%20Audition.jpg
moodx,Ex Boyfriend,Shrishti Sharma (aka Angel),https://blogger.googleusercontent.com/img/a/AVvXsEgy8LR7L-uBNuKrJ-um2cTWjYmS-6NP8gtUHQpkS1YZWAPR1-sLK5MvCGnKo3dNl3VH00XelOT4Fb3obyf76LU1sSFwQ42h3zIUB4WG9o-sIMToGdqftO5_igKcrCqSv4ZN4BSmtJTGUmivZ6PJhCoftWMJ8N6gp1MLarIG01l5VAa9xOCCfaSxA6YXBkY,https://blogger.googleusercontent.com/img/b/R29vZ2xl/AVvXsEiRGqtIVKpDJguh5PT3RNGHo0AfUk9GOE35iZxA6n4bleCwClsjSt0Rd6Z9Xt7X-T4BiymX5OVW16VIokDXPNdqoLJ1BchgGOh-fSA0ZzrpqZKeDWQ0JU0yu4a3fvMegLKLFyWJWe0bWd4f09vS3Znuitv7q1-xe_DO0gemulaa-_p6me-57KbSDD3FzOo/s0/58X%20Boyfriend.jpg
moodx,Pyasi Naukrani,Shrishti Sharma (aka Angel),https://blogger.googleusercontent.com/img/a/AVvXsEiK_vIylm2bj6T03bRPNquicEyR_wL7KCO6ebGmTyXfm4reoVwX8S2Ia331lFak8e5OUz1NJYu9MrHX42YD1kWr2Vi6KJCSc7PiRgm0pd3xFTrHlgCD_HNnKzdZ9WFRnG-Bl0Tlv-zAbl8-abQyug9Gxybfh8BIJJoG6nbJnPvfQNL4415HVJ6UjI4PZMw,https://blogger.googleusercontent.com/img/b/R29vZ2xl/AVvXsEhbGIief5fUrkEDUsu5eJOIWNqc2CkZQd76cEmQHAIyjiltvp0YAwNvYgOwXefGyxZNe1dDahQJDBpjEGW6vvWd-lKfb3XmrtgSLZUZu-1obaOOEnKQQ_h997_If9JxVupIjiXUp4l_12rIE4biaAXUG8JPRJhrHcd4s-ljFSlAW6XzsD2jmlPFxIolZrw/s0/59Pyashi%20Nokrani.jpg
moodx,Receptionist,Shrishti Sharma (aka Angel),https://blogger.googleusercontent.com/img/a/AVvXsEhJvw5IpkPJw6vUPXEbZkvHZSEPOW-wMHgQ9iGzLg3mvYgACbOQFyCjTRXaAlrEPBLru5RcC5VaO0j_TwfHGnW5NZTxlhK5gzLLOOvLsoyjoTg-ypNO8zAnh2G_NjEJIYSReb8zG-0j8oPvXebXJoGmqreTye2LS7TeBqKJjvNHxvThPc0m6fxtfwKqwNw,https://blogger.googleusercontent.com/img/b/R29vZ2xl/AVvXsEja6xGINwnqucdB5X-9KT1qcfXwSi93zn6U78lbpBLKqkyy1S9TsOPNrCZUyyZh7mOjpuux644WROVT8uczhVgIqVuelvziuk9bgjoZYDEzAqwfjGjfZUVXqDvWuyiPW0a5_c-zDAJYyHnaKkWsAgwmNu2sgOk9Hok5xXQX7epx1SI8XpdLMkCymi8A4ak/s0/60Receptionist.jpg
moodx,Phuli Ka Matka,Roshni Talhatt,https://blogger.googleusercontent.com/img/a/AVvXsEj2RklZA_9CNQIlngR296VwWc3jhyHqvBrVu8lgMr91C9rwziNVLWTOoSJHeZV3nivfKk3jobS1uuTA0VuU1i1qGH3gbbI9iPmhLmWaRR-gck22jbf4hBT-6PBA0S10jAGbD6w3UVvW-vGknGj8DeR0TR6pdtkvpnmGxyIsL-ysXtt1BnNqaCHpg0HzGyw,https://blogger.googleusercontent.com/img/b/R29vZ2xl/AVvXsEjt4jKKyaClTYGBpbeB8jdoaszSPOKppbiLOjW5ZbBzIWeP9m5CmA-ydsnQgYlUZ6dipvz9XjEJYuTz31IwS2QU5CaoTCLN_JdLkj-BL9FVzVBljPRt8atmPRL73Na6OreCJSJdFMZEsrZWx2x89PnnhjJO7Z1VIUxdPklhZsQCa_1X_g51GIQr5gA6vsU/s0/61Phooli%20ka%20matka.jpg
moodx,Do Not Disturb,Roshni Talhatt; Pooja (as Divya Prakash Saini);Vinod Tripathi;Shakespeare,https://blogger.googleusercontent.com/img/a/AVvXsEjAPqEFd_LVfSTYdn0vhQofpq6q-BNuPG8PF1LqlgwG0PGnPU83Z7ZO19tq2pDrMFlowmWsJJd7tFagFG4WPoW6ZPObwtXwC6NuKfSjOXPznxciM080z3fVAVghzMqRFP5vf5t1UbC5oRAxneJlY_Yh7f-kP7DuUzabfFiC5plLvT04Ymd-r4nKah8fqNU,https://blogger.googleusercontent.com/img/b/R29vZ2xl/AVvXsEi7kFCHlU03ZUi95K44R0qF-cTn5JT8a_wSXB-IY23SuDRILcDQDhHQnTA13YSjewvOUK2MqDeC3t9s7BOPfTSGrE0N7Gs3P56PDMwTfiyA1NxBLdzooOxMtlhwQ5iCRcZcZhb4L3bSuy5NU2GKKqDAsn8YyOF67CK361pn-yWm7usWy-FTBsyEDAC5Dpw/s0/62Do%20not%20disturb.gif
moodx,Lift,Roshni Talhatt,https://blogger.googleusercontent.com/img/a/AVvXsEizJDIH04S4jbH1q-e6JaaRx_k3c0jc56SCARfG6-2koZjhCna5jNjJyN7_UsKqJFzMSfcuF8gZyrz_clo7zc0_znlqGtlVJZXsVIuAAUyQZ18wNZkqPQ-iCoI6yd650lr0axSBK_OSwHUkNF5dwJMBLFfejgbVF4DAuwMmOaZPpzL1cVuqQvrD4W-mYPM,https://blogger.googleusercontent.com/img/b/R29vZ2xl/AVvXsEgI3gQwTvnmtj8RnPQ2M4gj6K_TZ13FP3ZMg3byAsif8OZbUqgyputX4cD4lDpgf9VTcbNJUpdR9Ef9_FOJyGAAoQ4shWMvVjHONAqOmAs7EN-FIFru5ptd3GUp-NXJslKpASp9OAKs8iHH2ZbnVh1YfgUhOHAg4hLLMz02JsNrDxii_j0Hf_vAE-PSbLY/s0/63the%20Lift.jpg
moodx,Slam Book,Sheru Singh Rajput; Anita; Tanya,https://blogger.googleusercontent.com/img/a/AVvXsEh2FumOCYIycYnyV2k8HulaBUNYuINDak27T63DmZHmfPTprQNgR8iT0pP-EKsAjYML3wvyPLBDvhCsmsG10ssQ6R1AUkbbWtXknZcMvMAEUOMkjuMvgYnIRAGPeT-eUpryDOktnhedi9ajHNEBNiBNxg7h5bO-lpiDTphHHQY_xRQCy8MjbxKX2hZgfgw,https://blogger.googleusercontent.com/img/b/R29vZ2xl/AVvXsEjE0KUuTNWhmzqwP8Q77TOJhBmsduAM1EQdM0a2p6hgJjsdf8QPLm1wfANdPaB3r8sQg8aKe_YJjot5lekkSK8MAR-gYhHR7gkXlrlvZWM0zNkMA2lm1M0cF5KJmkIW_EgDW7mxDOxwHbzdhMl4TDt98lWs_Ocgj4SSiIMF-cAt9RFBebXvpVRX1gmsU1s/s0/64Slam%20Book.jpg
moodx,Maulana Ki Masti,Anita,https://blogger.googleusercontent.com/img/a/AVvXsEj71Asjq330XpdHSCQbrLCjqZcvMP3FKr3T1uK8nNOyQW8pD6Tcj9phzOVjwmjS1O2UJIwGnjbfpMUzxjIkhMKrj6gRfYdmBx1NsEpH_oA4kvIwevzckoK0xFFcSvO2llVg1f8mpgHWqpHtD0IdaCeISy8qM5tFBoZTBAPRtEFzwiUV7b5OKhZCXgp3n2Q,https://blogger.googleusercontent.com/img/b/R29vZ2xl/AVvXsEjJqK-vBFZ_M3Piavx4-zE-alyxMgndKonDa5Fu5z4OqvcLUBnl0_MW74a5tIA2gdas8cGHTaJEtojYaFLTwsTJjRaraH8zyuUSbOukMlRA6Yiny9RlW6VfonNCA37-9EPDnfltoPW4NOqG584HEd38rOXcmG28PEhQ6f8PACLWQhLEcVVTlMrqt2Xedmk/s0/65Maulana%20ki%20masti.jpg
moodx,Feel Karo Love,Sheru Singh Rajput,https://blogger.googleusercontent.com/img/a/AVvXsEhYBlHhwHCPimo9vxx04X9My55kjJvLhvpRaye6SKwAcKcUzVQgy-F27Evdr-UToxXGeduwOBikk6lIXX1NUytcaMCKgKP1RYu6zFWAIPzE3hdLbytd0YQnJRlsJkXCYdootElE9jAdKMQ62xeqTGKa1NIBTE1RM2WgfYdzuRutMGYTQ6CJx_KGaX5DGtg,https://blogger.googleusercontent.com/img/b/R29vZ2xl/AVvXsEgmEV0ZuDXiLnT-AUxltQlxE20KLUxXRHkgJBpV88ccF4o-UO1wtFsTFKtVSFxtkNPHsq0TKw03nnVhR-FZYvB_ig3_kWpX8WQYE-n7W1jFHwCsS1Pe3aYtTBgGXFOgDtU793oJrKMUSd1qs9DnCbuy8z0wU89_ORRBGVD3fyUk_Sjjl2VgeBvn-2e8ksw/s320/65ZFeel%20karo%20love.jpg
moodx,Password,Sheru Singh Rajput,https://blogger.googleusercontent.com/img/a/AVvXsEhosh0wM1NGK2D2eBUIBKfCDeKO4RW8wJMYhsGCue789ix6afx7tU1996hhrkF305YjJBDN6GcLzjxuWhdaYKzSbrTX9yDNOfVIiLNPGQMei561I-Y1MvhO7XKOjO6rxTLqWGESJYW3sN_oXZMHcW3Yn1s3h7e8z2RyTCG7dwfG88JU0hqsHUBgT8-VvUY,https://blogger.googleusercontent.com/img/b/R29vZ2xl/AVvXsEhF302woiSs9qXn2CcCIT867hyeADXA7DjkLf8BRbACPdhlrywcr1nmUYYwQv2KtjO0gt3DBQPigvCgvOYviGK99_dveTHdUn6itxHwJ3qdo4ayQ78FyTOH_WaS4QTtno3szyCMktWOYKFjs4l2wHnPWcnQ_OdNVe93FHWb72Mj-CGPxOvAlCpCfsfwVlc/s0/67Password.jpg
moodx,Kand Wali Return,Tanya,https://blogger.googleusercontent.com/img/a/AVvXsEhp4HqMvUP9hBgs-koDF0jDAEBjTpsLj5sdRJe1fGSzirlN0oiKoeLFXL6mN3AhwdvTnziPKAbmcwRAr_hLjpGjeiJfMtNW253C4t46vCDsuayW2wC8PzjQjoiRv5Vglp0ZSwAkcyfXgP1L8bhSkMf5hbshm3GxXLgImwiSRssd5mcbKAHDQtiSVfElcqQ,https://blogger.googleusercontent.com/img/b/R29vZ2xl/AVvXsEhPVqaZ0PPqFdphw5ADBbr5LI4Zn3iKqQ-UgLHQ1niIGh_xTgZY84y5rBJF9XmBL08SGk-VuzjAUm0U9G5DnXdkR51oPr3JZit-cI4m8PmDko2rrSjUjNtw55QHbVXZtmiaPCbSMS4Y3n-5ip7dzTkwZt0mfLsmNDfVrX2U3nBGj55Ke7QW18TsT1CAFa4/s0/68Kand%20wali%20returns.jpg
moodx,Plumber,Sheru Singh Rajput,https://blogger.googleusercontent.com/img/a/AVvXsEiXnysCpFzQMOKKrTd9An4KRsGDvgpy-woJgEiy5ysbK3Jb0tGCht-Yi7-C-xhb_iaBXsDTYq9ayoVSu4-BQzuWORP5iVdJKad-Lbs_p2SiB0M5Kg7YU8bESj3PKImh-wGmjhPuiAE8LPOWUMpvOwHOj_04c4WryRxCThnY4sNBA1gR0z48JDzgnY-gNA8,https://blogger.googleusercontent.com/img/b/R29vZ2xl/AVvXsEiphZ2so7hUwCcNpK9bqYchvp6Mjx29OaqiOAxNuFZlUgD17Se143Bt2jXrk9m0w9YAsXJHEuKzstykKQPmTdg2Y9enwSSwCo1CIyskcV9Wk3GgloRC_nTqcpPuyGwzlqQ1T87cPVlzaCJVq3y9Ol_XteDlXlS1bYOsw95bKzWGqyyVWj0YhFign1LM8Kc/s320/69plumber.jpg
moodx,Double Cross,Tanya,https://blogger.googleusercontent.com/img/a/AVvXsEjyQrYjVUTDZdb8ng5BxVQyRejHPOEFZM_k3Nl1iaMwncrHEviG-A4rXwKZcOyVDgYNsORy3TVVS5Cngvs5SUlkl-5cdNxeeIOeIym5pBQlmA7gSyBFxMQGY8LN5cigzM31o4bWPgoOSBYv43N829IJxJ5626mSGVUN4jO-IWSjZMo0Svvkmv5IDP04buY,https://blogger.googleusercontent.com/img/b/R29vZ2xl/AVvXsEgzR3wb9zRjxfcWZOe5IfEHF1YvjvoLCHDZbBoWGVmUkfXhbYVDVqZN6dPhqKW-qVlMIul0dPga0j8j2vU6v1FOt2wJ3N0H7cOBHitf26Z4jTlsFppfgHsbY2_Y3BNNMaQA6DOlOwMxOAYtnz6sq0jZsx0A2d_jFmGkN6YFtEWLzRdoHNB40y-79lilv_k/s0/70Double%20cross.jpg
moodx,Thermometer,Sheru Singh Rajput,https://blogger.googleusercontent.com/img/a/AVvXsEgxTma6AvmX8cQ3dlFndzA-IcVXagPecGapfKiLucggtPOxYbTnAYU2chmRUgS1GAP-AC8Qx46S0--r3mkGQk3Wmc4yJu_oKM4K978L-PK_by-MErZSUniAkCvwj4itxC_X02mAxFpt4av4UvNO9lRT02cw5p3zhmmIgdLeCbvUZ5xF6uAY1n6Vif0mvHA,https://blogger.googleusercontent.com/img/b/R29vZ2xl/AVvXsEhh_VOewI_L-w-w7239TYWfru-skHfR8ntglcHgZketlusbRr6eYQRAQpwP5BKKZsKoLUvA844D15WCnPcC1a6YayJNfKdTCfEBkxChGEzP7Dd7AL0Le_C58HF_Qv4hoVbDrQSX5Li54t-j6MHubZG_O-IbdSgQz0nzA4iGTdsaWhJZUC-Ei2HoVwAJg_s/s0/71%20Thermometer.jpg
moodx,Double Dates,Tanya,https://blogger.googleusercontent.com/img/a/AVvXsEjasjVbn2ghwp1Qbglvj98vPK6M33is4WpmKYWpTBlwBcIou0GWK_zG_3tqrC4GH1Hh7pjLClIjC9CJVxXusUpTcp18UNoyUx1q5bWu7DFqsFjw5qOXBX0EpImwn0SWa8VxQm3wjWMEJUJPue0mUTr4LonW4NVYSOqc7-WyjmYqc-LELupbic6NvQLS5Cs,https://blogger.googleusercontent.com/img/b/R29vZ2xl/AVvXsEhUGYTZpwLuXDIG_ZAwTrtaBPLbNCoenmj9uY0PyF5TTb6Kkd9d6TpHkAPQzBCauuUdetP_RBt7OYCSKeRmlYak6iOCYTsUaAPUKIqUDaSd23iwZRirgSamC5hZ2q3S4Ejzv-eMXM0um1zYrTflA2gjZ377AXW0ss_nbFnyRVVZ3jgDXZ3FMHE7Ek6BEQc/s0/72Double%20dates.jpg
moodx,GARAM SUKH,Ayesha Khan;Amisha,https://blogger.googleusercontent.com/img/a/AVvXsEgclMNrpm3ZmHCzN1lWwGuIVMbwrI8CCh35pHqcAwiaq_Fe7wdIuqDVcERzzHWhqEjQoxGHli2SZ2xS10YGYox9wzmyDJ5E8SYdYdhQoOcMNdupVfz4X-ZLE7E-6loKwZ-w-39y1U-A6EatzqUHj_k42apqxaZq9ZghdpgdC14B-LMRUmfed0iZWDL2tdM,https://blogger.googleusercontent.com/img/b/R29vZ2xl/AVvXsEjw-EmT-dmaQ0O5TsD-3ULnMYe8FrJk6gAdAd5SiMGlE4S1wDvc5VvCHdKWfcBVfD1sskNH7d5IKMlT_UZxvmujGQhfhs21kcnnWLgUaej2Uq0-FNEFdTt4Uo9Tdb0eMra_KYWN8g0apOw3Emzq7xSealY6yrr7plEEmoSj9mOmY9jJpmWox5XDRgZUvUQ/s0/73%20Garam%20Sukh.jpg
moodx,Tan Tana Tan ,Ayesha Khan,https://blogger.googleusercontent.com/img/b/R29vZ2xl/AVvXsEiJru6JrVSXeHB8YOw3nlRbT7bTrZ4XYzBEG7Q0Gckb2cRd3ijpQQwg9bMBBwRYR_JNBSUoDLvcPF75InlVUOyMXbxFahyphenhyphenEB3pKerbSOfiDSgba00tGIuKiwPx0DR7LQ5mE1GKS4PrD9iHAdbDsI0SkUGoqaETo2sFNZfJN7fOWg2JhJnfUGdVDFYGEWfk/s0/Tan%20Tana%20Tan.webp,https://blogger.googleusercontent.com/img/b/R29vZ2xl/AVvXsEjJ696AVaES4idaup05ysZVI24pYU7zc65fdGHlUHBilRKJSUm_7Ym9EDzLqwpXMhA3XwhqfVMycuPMRtyYPDb_Oo-BOklYl0dxlp-lPCQ4UYCFNO0MYS5soyr10VmwhHOZYlmdQv7ytTqpepDYCulaohUiTV-n-OERXFFBA8JV6Fby5RGFtHb469I68oE/s0/75Tan%20Tana.jpg
moodx,Nashili,Amisha; Sabana;Aman,https://blogger.googleusercontent.com/img/a/AVvXsEidxLoe5sw5qfByitUHII4t21ZIj8jy-eia3FOwHbq9GAjouTUg8xpAJ8MUvchDL2TY_0nrnAWnmfkfw9ZrYhLANN547ahx19y7Xl-dcIiwS6BFaEqigS302YCFfjxNB68G53Jgg4p4nGPGBs-zhUBmOexHH3T9dlTA9m5-DYe-6DODWFdpzWeanQsTF6s,https://blogger.googleusercontent.com/img/b/R29vZ2xl/AVvXsEg5gDO5QuboWTX_N2ou0N5RRWNdvlzbLLqPhnCrUY1LClo45Ti1nO1O-Y1cymwpaUaznZ4ey5UedmvFtrjBUnKpLlmMOGg_thyP8slmtOYj9Ez2OJeBGVPJ-5Yu2hS79wNUhXWM_EtmHarQMtm-b79pPOoJ8-9eRvgMXYNrTdKslPYKS9xE-YyNKIuQ1C8/s0/76Naseeli.jpg
moodx,Pani Mein Jawani,Ayesha Khan;Aman,https://blogger.googleusercontent.com/img/b/R29vZ2xl/AVvXsEic3WBYGv3JuhMI-ueEzpS1avE79qh2sc8nIojcp-Pw0JZ2HWlx2s49_xUxjIo4QoYJB549xkxrRdIjDW4TdmxipPt7LrOvblpwcLp28lJ_Ysix-wM4OrRuuU6orkD79GawRHZvAggLAMIHvCT2dsWA08ffKl52ohRXaOipFIYConifUFAXADKpA9PMVYI/s0/Paani%20Me%20Jawani.webp,https://blogger.googleusercontent.com/img/b/R29vZ2xl/AVvXsEiwEQQ7jJbWFLTWtLHW1tiFWdWq0Rfe3sLHosQ4Tvo23gSvSF7QbUtRkAViul9XsFEZxhk8-RBwwPCftktYAuJVUaRPC0Xe_Rp6eRaTRW2XGKX6r_ED_Q9UdvUgxOYCG0lRb9dPFK8akS0quUl9lV6yVi_VsDRYsPfmyD3yKfq5g2ihKmG-YHUKrJf1-tA/s0/77Pani%20Me%20Jawani.jpg
moodx,PREM BHOG,Jyoti;Aman;Yng,https://blogger.googleusercontent.com/img/b/R29vZ2xl/AVvXsEg4Ny9tdVQ2U009Aer9xfcSNw8V22qKvleWSIp9r402YZbmx2vYnz4Bshbn2UHONkZwQQI22_UQ3RLhpwyJTVl3gD1Zu_XN2pIBY9V5Me1PO2fmcZOa-VGeEJfquXTtLQHyT4_yXosqjkZHiEppTmqcWkj9TaHuVSCuQPRMhBuEA_wSCYmpH4L0bcb1ytI/s0/Prem%20Bhog.png,https://blogger.googleusercontent.com/img/b/R29vZ2xl/AVvXsEifn004cEv1BxiHyM3v0-K7pfvrg1qf-8ZVDRGKcidvqTdVBs7kKKAvw2gFwi8MfQArjGOWNZ_h2edENfMnpKoRmJURCey0yXj_qbHVlHeTArBWBdOG3n2lCoAxjmDAmpZOWQEtAglfYWrGBPzZ309vrpAZnnujyrHWgxSwLHe0IR6z2YHh_VTc-ev7y-g/s0/78Prem%20Bhog.jpg
moodx,Manchla,Sabana;Yng;Akhilesh Yadav,https://blogger.googleusercontent.com/img/b/R29vZ2xl/AVvXsEhnW5qke89vkv9UO0Zf-Ha9nkwmIJlplLfe3qP1lzqg90vRwIPHyuDuGtPTo7YwDyX-yxeueuSHizkfK4KobKSL9JhdGPA1NKcR1Jx86GgWwDeIg9D5rjcG8-F29o8QBq4gtlwCTVO0dLPN-seThVMYbmqhu8l9Yl3x_R_-cwtMi0cBuF767CvYT0vd20E/s0/Manchala.png,https://blogger.googleusercontent.com/img/b/R29vZ2xl/AVvXsEisSQDaYa-3KMtlacCDBhunuvrFgo5iwfAyGNSQNpQUg3H9j9-HMNzio57T2k_zXLYISt8X7Zvjgelw2MCWxgzpNTuPW4_ihyphenhyphenpfT5c7S5aezeiteJfelsnNHgebrPduDbvuwNQn5djvmxuRd23gR77PCITYyzQFRNccjr4XIWL_QyAgBSkn9V36cu06BXU/s0/79Manchala.jpg
moodx,SHEHAR KA SAUDA,Amisha; Sabana;Aman,https://blogger.googleusercontent.com/img/b/R29vZ2xl/AVvXsEjistvrBWF-ZY6Lw7m98pzKO9ls2hoZXe3JwAWivb1QKb-WkRh3LHzI5MhVzDuV_XxHr2_HH3LrBkHLX7QaeAG-fJDTvwhXkznECxTns9KPWEc0TlSA6nwoBKUqMOarV5NTJM_JosbEowMh5pvvNw51KX92DbwLqffb64j75t4fSQGzSEAj8afOAREE5zc/s0/SHEHAR%20KA%20SAUDA.png,https://blogger.googleusercontent.com/img/b/R29vZ2xl/AVvXsEhP_C8o6uXJrULaWjHG2ruaivCUw4HNX6tKk5Yl7CfLKhKAhlsx8__YGZ1JC3bI54GCCegsts1WkIXIuWhoGkfytcmL123cYSS2t31XrKqeZ9aVL3Hb-1OceLbmj00iULFoYBpu4DysGG9tlMIGMXfxnG3CZ1O0KKYSf1EU1OK163rlWX7YZx3rLting50/s0/80Shehar%20ka%20Sauda.jpg
moodx,GANDI RAAT,Sabana;Aman;Yng,https://blogger.googleusercontent.com/img/b/R29vZ2xl/AVvXsEggZcTFNBQsuh0266hOVXcp8LcIez7k75YT3P0i9QFcp_NTQYLCRZ1puEKZP0Q1y4Fy_DAbwCvX4FMXLemeyBzwM96-gxhayYsqDHAJDJZa8R1tE4HP948drM395JnTQNnnSqSyFod3EX1TGjpSJ523rBiFhOoez0yk23XW55gGcu7CqbP2P4nZtClyEW0/s0/Gandi%20Raat.png,https://blogger.googleusercontent.com/img/b/R29vZ2xl/AVvXsEiJGZfl-d0e7hRL0eqBev1ouh7j32HPYVUxge703-EfoqZhAW5ktOkhfMdSul9Gr0O-KfD1VnWthqY2z_1WA5WihgDUxLEIOpSEFjI-rgwPuWOqT1G7KGB2vWn5C3KVr2c_3VlZmFac1dVHWWK6wyLaej-dBrPY3X3pbzZxv2rGlUsCMKVKO0B917EdMls/s0/81Gandi%20Raat.jpg
moodx,Dafli Waala,Mannat(Shemale); Mallika; Daksha;Aman,https://blogger.googleusercontent.com/img/b/R29vZ2xl/AVvXsEgGsB7T64fXPm3Je4ebMVAGyzVUVFv_zkum6VreUnDZ5f4ueHdRvOAA70QiT-2DoBGk7Fojdf4mjptmF34w62Zp597CmbwtMJn3grs81aH8cur8mMoP_hx1ypNwu2TGeTiDLETkhVdwIb7k8MjRq1LDzQJGeFY-Smrwo3Adbo8uWLar4YAI0bqfH_JSCBk/s0/Dafaliwala.png,https://blogger.googleusercontent.com/img/b/R29vZ2xl/AVvXsEh_mKErua4YST77BgI0QOtXjHnv6N2z20GEhwHmoVVQVopmHSE9twza3Ug1D3Fv8AwSN8StYcNrpaPrzLznpLTk54I6CADdSaJGLTM0BzIDwnPx5oPBbFZhjFtHqJqOA0JBdzJRqDOauVyo7D2F_8oMO2g2pB67g4fQKsqdfAimcHIzbUqAR-U5gf9deqo/s0/82Dafli%20Waala.jpg
moodx,Lila,Mannat(Shemale);Mallika; Daksha;Aman,https://blogger.googleusercontent.com/img/b/R29vZ2xl/AVvXsEiFjaBF8WqMGxGn5SsOOmIWIFE1r2N0mzzbv0z3So98VgwMTaB2sNmNLA3Uv08TSDjCQvZrMzCzfUb67i-MN6ieh4yeOUiTjpErQpJjlN94u1RHzCeCn2ozV9BI4e4ZXWJz3im9ZSV54FbOvCCMG3JvRv7-zXa93HL_LGLGFNU0aKq-2dy3syLhgfKzTEc/s0/Lila.png,https://blogger.googleusercontent.com/img/b/R29vZ2xl/AVvXsEgLnfwj48mV8oIEPzJTyw1ldR2Ke3NMQMCDP0d1o7n7RtPpvObNezGcXvcr_MBZ5FapB5dat6_Qk0zddcDyt_GKBuF2FlDEMhAKZSAoMhBixjEDxYv9VkMeWgmmdtdn22PIxktb9MBB5vS22ORX1sYot3B0AP1b2kbznXGYFpNPE0XPpVbP93sXlHrbfMk/s0/83Lila.jpg
moodx,GANDI NAJAR,Daksha;Vinod Tripathi;Shalu;Yng,https://blogger.googleusercontent.com/img/b/R29vZ2xl/AVvXsEhyWEGjtfkdhwrYzNoIiuKZQd5HYiLKe0YBRHsgUYvvOMotPC_AcAyqIDh2LvSH6upLDNxhKYH9zWyEDkuKpLlB31oRECWjl109FUNDbJG1mesCCWdsnkaR8TnCpuBNgb2ajzCAG_IzQa21xonlt8YSf0s6JKLUUljo44BFsPZW3uAUL8wqWFH7DQngbP4/s0/Gandi%20Najar.png,https://blogger.googleusercontent.com/img/b/R29vZ2xl/AVvXsEiPS7YCtlgnQyHhhYmmkBM_mISKrS_0_UhMSJEmF7nKdypFeU9B00y9O1Um6hUUzY27J34_Cz6OgcNKao-p5fsxjgN-XVpNiXqYYyVaVy3GEGy0Ad4vZmpPXl64Hb1vZNPr9EWfmIrolzSVduXV8bT4-VdVGgOMsagG53I9iwcmJ3_nq8GVUd8uJLYAWCg/s0/84Gandi%20Najar.jpg
moodx,Thakur Ka Khel,Lakshmi Anamika Singh;Nidhi Verma;Aman;Vinod Tripathi,https://blogger.googleusercontent.com/img/b/R29vZ2xl/AVvXsEiI2VHRZv5mFsCNHrjx-r0ECBTZeo7jHfg9dSL__kmNqCY3PwCjZdaR1Y-U1wSz_eJo1UlXmXlAADzSGOzHApfcmSmAY7YSz-zF7T5xVN8silTZwGtF-zRDgvYc4AsWbpXnT12CqtFL1cB9DQvz0GkN-uCdeiJl6jni6ql_OXZJFoJkJsWzfuxAGlZtH00/s0/Thakur%20ka%20Khel.png,https://blogger.googleusercontent.com/img/b/R29vZ2xl/AVvXsEixhMg4dGj0EOR15lszJCt9NMCdsXSKeXK2elZ0f_DBYi1nkttPbATgpYhPLSY9Y5tixfqNQvrNRb1V4WAhyphenhyphenlHp0JtO-xr-whLmrMthIHBLW7_YsgDqwyMi-y7QaA8CKDo1rHAQoYVDHjyFcR-PGQMZOWLuwu8BrlZC7NPMwxmnHm9uSsvvoHDUZzpyC2w/s0/85Thakur%20ka%20khel.jpg
moodx,Pados Wali Bhabhi,Lakshmi Anamika Singh;Aman;Vinod Tripathi,https://blogger.googleusercontent.com/img/b/R29vZ2xl/AVvXsEiyTywt_V81W9iaMB_Gd7nHqywH4uUl_8l-TreEHDmifcyRbiT_7PLidDzgbzwEwGsdOpRZQCLf2DkHrOC3X_NSNWFtlBRYAvbnLeLPu4NjNfJOjEJEvbk4KHMDkjfaGtf-tI2z6QoUSv6xvtn82o8JOXUaoiUURY3oBbPSj_LAC-ZExzr8Xa_fQFHPwFc/s0/Pados%20wali%20Bhabhi.png,https://blogger.googleusercontent.com/img/b/R29vZ2xl/AVvXsEgY7lM7AIA7fek0mIyZDbzpTdm7GMQ8hVidORUqacQuZKzem2nOvD73ROo5CFJEqmMk4wNcsiHeeWr_galjLLaNZUiCueRQRWr1XjWnkpA04C1xAeGZzrDWDDzRk108X1QcU3emPzQRrcpsYjERFwXZPJer2l6ZeotjjOVVlkL-6g7ZNh0icUvs_DJlUcM/s0/86Pados%20Wali%20Bhabhi.jpg
moodx,Dog Lover,Suman,https://blogger.googleusercontent.com/img/b/R29vZ2xl/AVvXsEhWDe-7n-vGSRjZJaG9QM9VTXXae4NRV-e6R0zEKuXk8SSEo6uU037_Jyo6KaRBKG7cNjgXeFtDUmKxU2EKw5jF6jY_eM8g9mK-etE7nLypxERYFwkUJm34xwqqWnc0zU3JS77PxSzCiLvbsWfGLlQ-LgIA-vXZMyGaa_6WUsoi-e6DlFkvYpqLiYfFVQA/s0/Dog%20Lover.png,https://blogger.googleusercontent.com/img/b/R29vZ2xl/AVvXsEj79ERcLmZhzrmkDW9FgZ69ORfWrYkEyPMhHCAtEKbHDv42odh-EwXF0v-0m3PYk44Esaxr_I5k_ehqiIWw2iH1S_PY5zMv_yDQgO5b3mkHGaiyjHDKyOQ8GIhkBaOaIUCRtrFTj8zskafq0p9q1R5-Fa9UEltNRsgDnSds9kPxHTHm0HBO8MFoK77ePzs/s0/87Doggy%20Lover.jpg
moodx,Mona Darling,Shalu,https://blogger.googleusercontent.com/img/b/R29vZ2xl/AVvXsEh2EofBuCJemRtDjXBOie2vtO4BvhZOyR_P0bVTKFoPLC86YbRjGr6oAM2emnpT_2xfh1NwqB_kcyz9PQ5RP4NoFlHk78IundhJ9BzW3IozRMF1nNFNC6y4vqZyiRSt8tI9TRA1mqzmy2kMYAxLNJ2D4S2XWNR9jEYVqkJLrEI-7_sjVf8q7wMumoWNSx4/s0/Mona%20Darling.png,https://blogger.googleusercontent.com/img/b/R29vZ2xl/AVvXsEgcBKT_m9Md2WZTNuIociNycsHUJcwxE_VsAcPlyrplRoF2DNOd9b2cSChBUvCEOIfwlt86stpoOoHPTffndkETLnPi9orLAjS1kJQnL5ppZAKGikyWF8NZgaW_158hzjwy1s6ezqe8UtnExAtFFJrNbILDeSIA8lMSMmMNLXMWd_79OaMKpT1CObOdHhg/s0/88Mona%20Darling.jpg
moodx,BEHAYA,Rita;Avik,https://blogger.googleusercontent.com/img/b/R29vZ2xl/AVvXsEhUVtBSdRiKzDrn0CdGtpHYLvcwTpOpRaRL5S4gcsDqhbwwWnJZsieZRn_GuCNHYU_pMI2VRTNpWJGUVAElVfB_NOj5RG0mMYrPeYZm3ACUuh4B8mCF9u3J14Go2g83kubGO0N27iSon_2UfMraDp99f0OU1VsEh7UGbxHWsB1KQySXgH5jXBzOQREkASQ/s0/Behaya.png,https://blogger.googleusercontent.com/img/b/R29vZ2xl/AVvXsEhfDc7D-NowF1DxgtmFqZ3n0zZxG8in8mXM8OhDmpzg2gP65nUYQyx44_RsR0dViXlKmTrm9COtMu08OiAq8G8Tn0X7jdF26N0P80y6No7BEkhlMgPAw42ehyphenhyphen5MYTQByrcXEhb2iPOalA-FLlxmpAHo0LJOP-5dtY5pvxc7pmmXqVtdLVbSjtquXcWCLKM/s0/89Behaya.png
moodx,Haweli Kand ,Avik,https://blogger.googleusercontent.com/img/b/R29vZ2xl/AVvXsEj2nP3it-juD15YciaCUmpcAr2ptSYgAP2LGDGavmrY_xWG5gv5_BF4xj4wKBOVL9Q4pmnAi2Fj6_UZDhb4oF4zYqzhpIlkA5015nAjDtG8ZsbNWow_bz6BKd1zprFpFMu68NPJ3jP8HLBw7AlOkYvlzJJsDSHQsN4K_4Qi3lqXHqOkhOyH2FWJ3MuFBXA/s0/Hawali%20kand.png,https://blogger.googleusercontent.com/img/b/R29vZ2xl/AVvXsEiYkFL6TlBGHyz6oQNpkUelqHJ5_l3sbii-kYX1CEWpEPghG7FalkVRo8tH-oD0q-Y2l7JeCGu_8wERMPrEkwkYIck407dDuuseEAGC438btt5zcklUFuEXEJKH7p6TenNuGkkC10cvrZTJaac1eNylVMRUkCo00bMWTrCeQqeIB_8PojkBHE_ZzkMzUpI/s0/89Haweli%20Kand.jpg
moodx,Kiraye ki biwi,Lakshmi Anamika Singh,https://blogger.googleusercontent.com/img/b/R29vZ2xl/AVvXsEiXVWmRAnm4kqc5qJZARPnoL3Ovtb5zxEvi4evjTE9Njtx5Z7b9mMGSFGy58_JudSyo5CfGaovFK9Ib47kGpsstGCGISqZ6DRgOpiqTyMJYmqUAccFio-7N13Nxet7n1a5qPJ-YMChxSNQ7caAM-f6IlGbzyiLGKLp1RROgUavzkCtOHZUxWNrvB1H2ViM/s0/Kiraye%20ki%20Biwi.png,https://blogger.googleusercontent.com/img/b/R29vZ2xl/AVvXsEiOWxezE1MB8yLlKN8Xm82-rT9bLXUoUF9B7U0OlUhqOxoTunh8KFNkuE4x8H5xvaZ9giRDAn-6eLzu3hCnzGf3748QHIznitmDOW7WB1fiyNtXBp2MhMBxpAHVHDEc2C2AvSlzu3GPifZTyGq9d7sMK5_jud8U0T8df5sgJOt4Ay0rzVwDv3eqVGU1Nts/s320/90Kiraye-Ki-Biwi.jpg
sigmaseries,Selinte Tuition Class,Mariya Rose Varghese; Soumya Gandhimathi;Reji,https://blogger.googleusercontent.com/img/b/R29vZ2xl/AVvXsEjuYwxwMMvIQpY-m2Uyj2dtOHU-U1bKzhfh9igtgTbumf6lSGG7K3vNVqH_ovo4rDgyQaG2UWah9DvRKvgbt5ZDWH0ofWVRQoU7CaAEFOSquyvK9R4qbAMtKrTRswmJvKvHdtdUgM8NIDEPgbVPRe4vTMIbQOPvrCLSWCTx1afdV0O0eSZnZ2pb6q3QeBg/s1600/Selinte%20Tuition%20Class.jpeg,
sigmaseries,Nancy, Sajna saaj; Anjana Angelina,https://blogger.googleusercontent.com/img/b/R29vZ2xl/AVvXsEhgoch4I-I146YBM0nczuJGlkZ-tg63ke1AbBUEA4z_LQ0S4R37IfcGgzgeUgXYzpyTV7OFnl6fcnZibgfWr-M7kNGPCcFRpyZLED_r-LxI6h2UHCPPIkCGC6o_f_olccuEcZwkxY9W_MVKjUuvEgrGN2q3bHGruA4X7sfkuZOXbjY69V-tFVWljkmG0fU/s1600/Nancy.jpeg,https://blogger.googleusercontent.com/img/b/R29vZ2xl/AVvXsEiAkFLjOaykAloHF91GYKfRlH9KQYVf_MGs5J3TGmMYp4nyWhz7h0XNtWOVFmxk5jPBcUvQJ8Wp_ZMpqqegLgAN35LPrMH9ISnmRfT7a81QpHY41WJXF64tg61j6Qy0TEhmlWanQEir8vo2uGGTODPaqPTQduLqWm-VW67vpqdv-Lz1wyKG-UpTdNcSSCU/s0/nayncythum.jpg
sigmaseries,Paalpayasam,Diya Gowda aka Kadeeja Shareef; Sruthy Renjith,https://blogger.googleusercontent.com/img/b/R29vZ2xl/AVvXsEj30H0_qAQAj9149GgZwuKYA0Vla-7GMj02P29zZ-oRx0JEdSLYl5RaFHzusCmK6wkAOpm7IHgRw_WMg7ThK5T_aix71RJGR9NgF180mwaIdBVErsGHI2YzLdReJSQNcQ5a2DCz9WCcg4_Ogagt_go3pOAIcujlDFxQ2QjPJauH561-BL3hu14AKjd4dlg/s1600/Paalpayasam.jpeg,https://blogger.googleusercontent.com/img/b/R29vZ2xl/AVvXsEgxQCvQ6ttDcd4ZSpVMfx8Z5j59gyyyp0I3kHlru7IfzAzFEbgOSdBZOu3xKMYBkam3PvYZt1NJb6oaEx8VwjnGudI0uz9P3R5Ju3uOrQ8eeoPUxjOUw6weo_4mlorMHVNCkDYIrUNavWfCTmesd3dnL2AF7iw2yg_mhFk3J2hmktCkSBLFrw25m8kv-So/s0/Paalpayasam%20S02E01thum.jpg
sigmaseries,Ladies Hostel,Adithya Raj; Kismath aka Irfana,https://blogger.googleusercontent.com/img/b/R29vZ2xl/AVvXsEhPoumkVIQfZjobuv5u6gFMOJSL_FLS4PTd_OU2ped6P522RwhzF9IYusEVf7yKXNy6fe7dB6P8c5hPs6balINc6GVzn3p_rWn5ZRY-Rzjo497NgsmL8OAciYNfzxo50fK2ckjcnTG_fdHUG-jt4myJhTCUqfurmVOxWE7caj59xIEpokIB6J1Q6wjllgg/s1600/Ladies%20Hostel.jpeg,https://blogger.googleusercontent.com/img/b/R29vZ2xl/AVvXsEhK1BFlEPiMxX2NKwZti4HWOjkzsebIyrmvrTMBNjtHbPU1zJDmdhOJtUFfx0V88gV-6FOShnjEuMLDxpGF55u4Rh5MC-gEaT-pKuskJJowjyG6Fxh6ncwySPrhzSlKlHDOq8J8Sqvm0BGjYzx-xQl7HdWmFzjXs8n5I6lc9jXRqdP4IvVRa3Eh9-6XSFo/s0/ladyhostelmovie.jpg
sigmaseries,Room Number 222, Kajal aka Madhuri pawar,https://blogger.googleusercontent.com/img/b/R29vZ2xl/AVvXsEgP2xBJY9ymNPRC5Nig6Fl6AYgjUT7-RjPkd6cuqnHXqDjkPouhsKuzCkOod2PguoIgYg7o-dN5tnSOsL_9o160HIXU2CGKZqAfeK_3p5sEFmjasPX9xwAXcBzs51-CoeaYIvGzh24dIafiLEID3zaMehjM1F7pId0Z0Ub8EMRYASPUv6qwbwpjqVMhF6M/s1600/Room%20Number%20222.jpeg,https://blogger.googleusercontent.com/img/b/R29vZ2xl/AVvXsEhJ5-HzfrgjVZ-E57n3WUmVKCZptoIkAEO4iArlcLW4-tWb_UIL0ek-BYIlLlkR6PHgozNfUoBywNXIHPB2DBeNazJ3eBalO33eodj6azf9-fXuci1ioVuh34MfJPzH5YNeyunQ3Pd8SmDQ_r_WsodZUZYzXzXCvS3pW7e6potujjIri1nCi6rRcq8jI-g/s0/roomnothum.jpg
sigmaseries,Hot Stone, Varshini Sairam;Rahul,https://blogger.googleusercontent.com/img/b/R29vZ2xl/AVvXsEgW0bwlAGZ3AuFgZggE0xtNNJSMFJltfyeBOuE7LjhKn9Z26-yGEtxq4N9e4p3T0w6EYEhI5B7x7wqyqbsCEBgtNo8uywhSTLZvg4M9D_lWEaTAK0RXJ7UyI6D6JAe58yiR0JI1Eph_eaBNvd2eCqdl2wNqxc_VflLTprGvNO319eLEQ3myipH_9cLj29g/s1600/Host%20Stone.jpeg,
sigmaseries,1000 rupees,Hima shinu Jayan,https://blogger.googleusercontent.com/img/b/R29vZ2xl/AVvXsEhsrGpx9VtfnGp2t69nC9-X5LaPKyimJj0fhBkIIOuxP0ffzyPHXrifQe3kjuQbSbAMr2OPLpU_28zEf92jwf0G7sxwoJ3mQH5HcKgVEva7Ua8MCF2eumCFd7axlGjtvt_4Xt_j-FbCN4DLFxD9az5PEnqTr4ZCvB5VYovIlMT-lvlBEZPA7FF6KQn4wS0/s1600/1000%20rupees.jpeg,https://blogger.googleusercontent.com/img/b/R29vZ2xl/AVvXsEghuqsitLQAK3SJTIgkbpc3MIrpzfJdFsKg0c8GePBjBg_4x06tHdsXfNnjvYAvu-HSSwNCcOzKmTNQM3SWNLv_jIy078Qh68GKS3Vwf-gXRLXVEJ3DEcVFni3i-Yb035SrvL-0T0QLQI11DHU5bUE-5bQPIKo8Evm7XvAwC8hkp0YKBO9kSFuW1mR39YI/s0/1000movie.jpg
sigmaseries,The Sound of Forest,Diya Gowda aka Kadeeja Shareef,,
sigmaseries,Plum Cake, Ayesha Pathan,https://blogger.googleusercontent.com/img/b/R29vZ2xl/AVvXsEi3cNrbIu4xkZllpKsqIWTCKqgoaaz7L0jdOihXvc5YZuVHwx9cXztSTC0VtMTeLwdnSyEnKp0oCV4folBMujps4K5d5DVKhWOF-glzgg4zVDbpEe3eneP2cYUsSxqg9FMsQmoeRQTpMZPTUzfiSw_JAH1NUTl64QEWL-1WpqxmJ1fSB5CduHMxj-v4kQU/s1600/Plum%20Cake.jpeg,https://blogger.googleusercontent.com/img/b/R29vZ2xl/AVvXsEhPlQWLi9K3LZK9jxt3baGmb-J7snSspqn_e6C0DdgFhMO-ZncK67Ob5lHDucse95vuqaEUqdFUZ926o5NGGb1IhLNLsKroJ8nQVSW8i2hHlpcb1HVBN9z3A3fGgzCVo9VAjAD1D0mNwN5HE8QOMrZYwUPZdPWmH5diFf8VHLbz3y3ozmXINcexBfWX_nk/s0/plumcakemovie.jpg
sigmaseries,Depth, Ayesha Pathan,https://blogger.googleusercontent.com/img/b/R29vZ2xl/AVvXsEhJP9dJqwNcINEYbhvp83dyWfkCzDKtyNf_Tf3Peo1zmsyRz24b9O88d7ZVtjcWl-tOuDFabyBkkH1oo6m2Wf8VZlYb-sbzxYmSJR__PlvUdHgIuQ2HZraQzkv67IWhDMSSK-2ytKnTu-ga2NbkcKstDdtSBsYzoTEgqAYrkIF07WqzTyID1VrjgPC72Qw/s1600/Depth.jpeg,
sigmaseries,Hope,Sweety Shah; Rajilakshmi; Mohini Bhagele,https://blogger.googleusercontent.com/img/b/R29vZ2xl/AVvXsEhNB0HaVEeMKwgBIQAsdWPHLmZLGuCx3K1o7HfJWJdc3yK_QAxl3IeitMOHDPr1P9ze0mjBixQmr-Mzz9n5XCsup_1vwe45FFK1nUsTibLoc_Wsn2yrqywGn5vMrPwLuVMmw03BSRiRZeOyub6sxZfaKihRISqZ1kpdr8-V_7pDkqG1PEMgxs03pUnfaD8/s1600/Hope.webp,https://blogger.googleusercontent.com/img/b/R29vZ2xl/AVvXsEiSnABPrCDL9TL681Z6Vj_zs_ZIcxeFQZKTSM0__QEufeI0FejgExQngXP14XqXPXdJJeX-NILqwOteF_UdyBEBvZ4HsiRRK-lySoRdCkW30p1TQcMC6-UQcIvrewCd_Lr9Fb4xOy52hbyjXKkJcDUJKrYGxifRAdUiWLvpbtgG_ITwzcVcMotBsQaC_mM/s0/hopemovie.jpg
sigmaseries,Kinnaratumbikal,Sweety Shah; Aadithya Raj,https://blogger.googleusercontent.com/img/b/R29vZ2xl/AVvXsEjUcOfRN-YqZFUyvdb2D_seKp2bUDdSpDGKGML0wimzSNUjpBO9_c2wpDWevNToerJc7Y1EL_tE0X1l8j0L4aqOHxuTZQgeHwJQCsS4yScWpvXcI-6EV0liTgEm_ZeUv1B9px1o9efRDzHOM0PtrjEyAw7Ygh6YpgVS_gg6x36bF_LaE8cAR0XzeqcrmhU/s1600/Kinnaratumbikal.jpeg,
sigmaseries,Vishukkani, Rajilakshmi; Sweety Shah,https://blogger.googleusercontent.com/img/b/R29vZ2xl/AVvXsEiPDIZ4h2goPIqXcB9Oh-_JQL5tKlYCshRRmn5GExcmaxOM0FdyNyaLKCOqtHWvL57EGlfVxgNpRl6UZmE0qEt-c15jN-G-Fu9JYXvY0Pia67I2cS4cM7G_ldomrTeDMSILdg4DfqKkokpLAwr9meB5PElNOF41gsfs9FRMHv1Q9JWsYV-P8yWb9-S2TNY/s1600/Vishukkani.jpeg,https://blogger.googleusercontent.com/img/b/R29vZ2xl/AVvXsEiW-c8KgqUCKowzvOwojTN1olP6UsxPPtGqFHvTA_47bmrYfL4DYHmDiPMaChaYl389oAtUQPztOznb6w_QEN1m1D-ZE6nM9yz1OWFK6g-UFXsH0pJtCYzCvLGq5jlQ1Eqc4WWl6kDqLNnImvRENmyFbo-qVjHav1QV4cF_qFcWef4Rb88AoQ6gD4-BTlk/s0/Vishukkanimovie.jpg
sigmaseries,Pulinchikka, Adithya raj; Rajilakshmi,https://blogger.googleusercontent.com/img/b/R29vZ2xl/AVvXsEjILd9Jbwdn6Is9fBrhUttInehBMcs0EuvY_tvlAwDhTLNNvvmBlBhl_KbBAJs3BPHsa96DfjBSMgc-Ol_vgnpOQ7XY0FXW6IMPbjaWCF0RlU1iHbh3WRTTKSS9DtRnpK88b7_WsURZqLwLvEU0rqZQh0l8CUEyXdc62qKXdXKWFY2W0byRZF2cHE37Mks/s1600/Pulinchikka.jpeg,https://blogger.googleusercontent.com/img/b/R29vZ2xl/AVvXsEiyyZkiTwQF1bjtwv0PZMqrbub8JemXtOdm2dGlBxoS8fbxZyCNBh1zUbXXosQ2whHJLWhPGWrJUNCyDkQtVFpjt_qlyLBv-EB-p38d0X-OwTYJJk2vu0rg4C-RbvEsl61dQ8w4rb3wQI6m_GSXqPX0Je2r3Dm4XQwEFOvw-Shc7QxwbB2D_s2DHbFkZhI/s0/Pulinchikka1movie.jpg
sigmaseries,Kodaikkanal, Priyanka Chourasia,https://blogger.googleusercontent.com/img/b/R29vZ2xl/AVvXsEjVOEnRf99fij2CerzmqVhQP3m1sswqMX_GRYopOcqLi9Tc7MwwLHWnYaPvVlVJldyQ_aOfx3SiF81b3S1kJvHrfD3H3S1a7elYiSNQxHfbfnvDHaamBLlhDpmrKyFnDkGE13b0TyAK4pg9MtMjV6fp3RPmOMbOgv8VvFeruI0ZaDOYPnjg8DvvIQ511Y0/s1600/Kodaikkanal.webp,https://blogger.googleusercontent.com/img/b/R29vZ2xl/AVvXsEgI5UyG3mdLAr10eXGvaUU2BqLmc3NGU0JeUyuQLTMHddwgRG3ArKI6vtJq_prMI3LfDHCEBjGKnIGj3SVwYH6Ed7pLCQyqigs_E_1xJNppgtdlxrzA3npJ4BaQ2KIJoevVmr681Gia6WQ0O8HcrHqxnHndVb4SI6quvgIpSCYJ-adGkqipk-_Gb-37m6s/s0/Kodaikanal%20all%20Movie.jpg
sigmaseries,Kamasuthram, Alka raj,https://blogger.googleusercontent.com/img/b/R29vZ2xl/AVvXsEgN1ztcWF54egb8Z17vVFmN3CmgvC3Z6aWtA0uzF9iDcxZPm9hs55-BkRDSON3Qdj3mgYRhxq15RxVkfgPYaRrzr0VVriZQPZ2KF8FY3oz_QYVcjKlIgnrLw-eJbyKFCG2bvC28gUE6I3zTmn0Mckmk1b9pMStongBlcyMbkFzj7eHvParGa_mGgd7XuTk/s1600/Kamasuthram.jpeg,https://blogger.googleusercontent.com/img/b/R29vZ2xl/AVvXsEhz_k_-5u9b_L7yUitC_45Pj-EaYki3wlp3E3cZ1vdqfGCV2f2WRN43qOHQseED2IZeZ92In5aIY4yjBdiDj62E66OvDU1DAFBCQbTRJt2V-m8SKXlbSVlePTaGWYsdd5xl1zWdHWqRhAoFIp9r4gSNSX8cYlbHe83G6Tjf1OMFzCTxkBLYizwlycDy4uo/s0/kamasutrammovie.jpg
sigmaseries,Psychedelic Love,Natasha Bhardwaj (Nikita),https://blogger.googleusercontent.com/img/b/R29vZ2xl/AVvXsEjNWfbXZuQvUn2T59IM-GwXq68yU4jZMakuO2CJ0Tfkw-iTtQz3SAvfl5CRSD8zLnpIGeuShN184fhUH6DRYqeuALdiRzFDgRowdG47Q4UyMLRRXC5lY4TtloDZXqC4c8k2_a9pfrSnKa8efhzBiTKrFZtkE1OJ4iXAcGo-zP99IafOA6bH3S2t4Yeq13s/s1600/Psychedelic%20Love.jpeg,https://blogger.googleusercontent.com/img/b/R29vZ2xl/AVvXsEhfhgWv9FkTGVZWMliRdQwkZGl9WWjcv6PpuJAY8zxYAwSr5y01YuWMBEADqI4rUBykxf74HSGChqKzkbzby8KjRzMAXJ3c7bpiqMhgzCaLWAYEvV2G8aFUcxRpyihk7HE3C6KH4y5VufiS7pm_rJOTK7-AO4FeXMxT9IiMEnrmTTe4FAmHNq9GvDJsKfI/s0/Psychedelic%20Love1%20MOVIE.jpg
sigmaseries,Avesham, Gargi khakhalary,https://blogger.googleusercontent.com/img/b/R29vZ2xl/AVvXsEjzuQ2bkrhV21frY_YmkBjULbt9UGGTZuUohXll-m5kLt_izUiA_UWi9KP6HXUvPR8NSpM4EYPn3X8oqAB8AKegNSjKkMo8x2umoGJJ5ITc70tqqfx6P31NXcdSAOi1AzpyIp0EXZ88FLdgtGsmGgK9tHwNWmwpouQaWfzAOcTOXwhONGlnySnKXQU895Q/s1600/Avesham.jpeg,https://blogger.googleusercontent.com/img/b/R29vZ2xl/AVvXsEhzgLfXQzzdblTAk9rRGFZ0shWGf12SFZIEGueLobg-7kl_3fzuS5qQqmRwbBZkKvxOUzqBLEWuICeN-MRhayeii16C4CDbJtN-U9tTXqBkjPZDT7TN0VxCNrJJ2NZhJmHwToy5y_VchQ4br6MiEnSKvMntEdzA9_c5ZJe7jeYZ5wp_8VSTlxX9sMNmVTM/s0/awesam1movie.jpg
sigmaseries,Pappadam, Aayushi bhowmik,https://blogger.googleusercontent.com/img/b/R29vZ2xl/AVvXsEhW0nlLnAThPLqZHRhdggJ1ROK1rYuGl3C22onb6WSCOIJUoGciCRA6ZtzxrNI5q0HZtZQH2E7MZQ5KjIrHXg5sitKCJCWkVN8bbWhf-Orwg36b4wvLADEGevsdVjLq3x4jJNHpGEFMoqYcIKQDLV7yzcgSTobQFgGV6PSDsObvS9pY56Rnbk4jxMTqNho/s1600/Pappadam.jpeg,https://blogger.googleusercontent.com/img/b/R29vZ2xl/AVvXsEg3t9fYLLnlwzioSrDm13NygcO9_BkX9pgX8bCguzykoS-dbUld-NQex6AqoFRnNVD4j-UeLBRAxT3lbNRjJE9pW12LXYXsYF8WRB9VnVPBxHsPzP14JjZ9-AlOFguI38-LkhayPks_pUz1DiDpsIc_nKGYL3DGw62dk9V1qB3uiHGxokFbzBjWh4N2jW4/s0/Pappadamthum.jpg
sigmaseries,Love Pill,Shubhangi Sharma; Aayushi Bhowmik,https://blogger.googleusercontent.com/img/b/R29vZ2xl/AVvXsEj0WmeeogsVOOuf1PxmzBwitj85DRS9PDDiZWta-iIMXQWlgtxlsSueHGNeP5KgTJ22zMD_lPl1Nh-p6gM1uhZDGxcWGvnVQ6vVL1OpAZqLJT1cPj0X5T2yHMZ0Cl9lpn2UeOdEZqIkGmZYUeIeQaI9N_OFIakfBWuPGbrcfCmFWnDZylr3S5qiknkhgfM/s1600/Love%20Pill.jpeg,https://blogger.googleusercontent.com/img/b/R29vZ2xl/AVvXsEiYKayumOWuqXh-mdpNdqyfFg8TgVsO2Gn2nGEKMtbNJp75nhTYfO3AOmc4ok2Y-EtKoi6ev_y3K4iANgwG_sU9j2rEeweluoni9RcEvQK6LlEgexUvnGwKiNuaI10J2M9lDU8OgmbCihvQxibZaqtvW0zJialVUywT5maygLWXf9WwY_YPdnL8uzxikTM/s0/lovepill1movie.jpg
sigmaseries,Paalpayasam Season 2, Alka Raj,https://blogger.googleusercontent.com/img/b/R29vZ2xl/AVvXsEgSZolmHc8BxM3zCWSGrgp1aH5eH56bMz1PLydbXiFkeWVaG4xZe4Xawa66VT30YPeILYjULDIdmEIpu6urp0ttRoXcUOLtELz9IrBrEtbu72lj1qtq3ztLqS8EVq35dt4aGfq2l8SBegimkWSjYR58JmKKGv6awWvCfDjkR7M1-9VwaQEiK5KqZilhAr4/s1600/Paalpayasam%20Season%202.jpeg,
sigmaseries,Munthirikothu, Sofiya Shaikh; Sweety Shah,https://blogger.googleusercontent.com/img/b/R29vZ2xl/AVvXsEgL804zpZUnpSEFFOl1gLlfKinPCDN4qU5Brkqm5hEEfBo35QQXS1FrwPudKIWvrLwPglE7DazqZeqJgPPecaqrmOx9h1JYVvIbnodvjILmFuTcL8Y42NTbs65jHu04sSqLlRS6bVvLWyaOt1u-MEjGZadkqDNqofNArVNEH9I_ZoKQ6WPU3Qi3MXcMp1A/s1600/Munthirikothu.jpeg,https://blogger.googleusercontent.com/img/b/R29vZ2xl/AVvXsEgASv7kyJ8T8ugu8AHDWzcW4HmzV83Fe2HYgVWFYpWMkQ_ANejrDismQY4KkXUCvscLL0i7Mc1ac8IKpPbnOBdvPgZwavW0uSc6jurKLqGPW1ycLje7GY2r4Tr3JklaF5lvUscVSIFzXsDksPXgtYsU7qKRjxMvKlc6kXHX_6pMg7m77mdQ0Ks3QITuhGo/s0/Munthirikothumovie.jpg
sigmaseries,Sand Timer,Tina Nandi; Roshni (aka Ranjana Arora),https://blogger.googleusercontent.com/img/b/R29vZ2xl/AVvXsEhQXty3JT3OPEWSltLTB8RftCYaTNvH4-oW-c5pDoCURTeXcMeTlqi4qjhucVQqhPMwiGtcM1jPtIRy3kVxJS8zKiUFv9iVZ3wz7rM9YQWsNUUyK0gLRdmG9s-VGHF482H1Sl1sFzbsWnjLyuVcZDbQ5PXGpiMTqDU8KZlFoXy1pa3htnoYpTHV0c8DVo8/s1600/Sand%20Timer.jpeg,https://blogger.googleusercontent.com/img/b/R29vZ2xl/AVvXsEjGDYY04I4R6SlPP_owyf9Ppw3E36ryhVsBt49RTy8ce64lq0vNbwbkqXid1NENj0IJepBw7wUY0Y7CiOchg0piB4JclkmrzlXesJWugZxMxvfX2NIkjbu9KDy2iC_fQ8G7TYFBECd8tsSfVh2NrjS-oDO-nmkU4ETyuQ9UD4cgBzTqQfKN3WTZ6mzo38A/s0/Sand%20Timermovie.jpg
sigmaseries,Plum Cake Season 2, Ritu Pandey; Riya Gupta,https://blogger.googleusercontent.com/img/b/R29vZ2xl/AVvXsEgB_64UfUmZhZHDpdy3QihLy6wLwzZg3901VKTFcTvvo-vQv2-KJpPZOq3fiBmXvKP7cGLF8DcTWOO-lRsmefgP35hXNj8uP76X2QFsaDu-f-SP4Mno2jmzJMQ5GGlY9pRcLihSVCxg6kTK4dxBJ-Ap5CG_3oX0D4nA-iSi5EmNPIc7WQDmx7p0H4uPkps/s1600/Plum%20Cake%20Season%202.jpeg,
sigmaseries,Mountains Are Calling,Kenith Rai aka Kamini Singh,https://blogger.googleusercontent.com/img/b/R29vZ2xl/AVvXsEhYdupDFyWje-SZwaTYyRo0Nsnko1uMWTtYCdiBtZsi_HzqsGyttPw9ynFRzLx-ff2afQgAZAbp3MCYRZbE0eOfDFkMRg2zi7YjS7bLJGVMKQL7jWMSEco7l1fdvKHy4YR7bDN9WJc4XePCDOp4tLI9LySmFu8tF0V1GOy1cdIw50cnoG0q9DbuYlMTzlE/s1600/Mountains%20Are%20Calling.jpeg,https://blogger.googleusercontent.com/img/b/R29vZ2xl/AVvXsEi11oNwcG0OFLyEWk1K0gX4pRdx2zGTda8bQDIyqSyaYAl-LuYFcg9rrzoGTFOZOOCZAuwatR9EJlOFhh4lbISBgAScnz7qRtJnm4LJnH7foR4Sxj8xW8pEF-DG1CEt_Y-oqJJvKlfNsegzXbPWXXkYvCat3QSAyxGtEhZLmwUV9Oe0sxShOZfXk_kw4RI/s0/Mountains%20Are%20Calling%20movie.jpg
sigmaseries,Kamuki, Baby Maluzz; Natasha Bhardwaj (Nikita),https://blogger.googleusercontent.com/img/b/R29vZ2xl/AVvXsEjyd6t4v54HU0FYmSyhoicDaNKIDYBRBEJcMIqJzZ9Sof6OIZlqALc2go9jz7dasVBiRFDOvjKsyALuJAF8Eukc1KIsH9K2-bbGeRa-JfUvGzDa0yArumxd4GEISAAnydE03mSAvAet7yJIq8JFhd9dbVUnKvL2C9HX1ORE3UnmkMpBFysQOH_tpAKl_To/s1600/Kamuki.jpeg,https://blogger.googleusercontent.com/img/b/R29vZ2xl/AVvXsEipqU-upp47eb5lQf3v1HxfLpOBGANR-wX-firwcJgcJhaLK8_zfOYhnP2a9hFAhUmVL7SFCsIFcacw1lMrIpjN3r7h8GvG_D_bJmLU4LurKX9oYrrhNKj5KomKAdzupyK6VBtZu2xZ8khlZlflIF8qDpfcsB6q7Ou2Xa7KMIXHl7gyjPDQCFWOUokppOE/s0/Kamuki%20Thum.jpg
sigmaseries,Adhyarathri,Natasha Bhardwaj (Nikita),https://blogger.googleusercontent.com/img/b/R29vZ2xl/AVvXsEhch92NEPJ4GXYfyIAR0ug5Uyp861fz-odMQluG-4N0wgDmMAgQKNummgci9e4asP31VpXwys4JR-NDvvgvUw1uPjET_H5wTHCYhYxUQxxt2sUKd7CwH-Xs9qopq1mltM7kVpBJL0uDJTkTmW2YsBoAosJxEhVyIjM3LGRKZF26F8NMcR_swpDYSrJv8rg/s1600/Adhyarathri.jpeg,https://blogger.googleusercontent.com/img/b/R29vZ2xl/AVvXsEgNJhdjGTd4gpoC7HjhcHJ7Gy1dxj7CWHN9gZB_D78cJEXWxtrHnSGWWCD91Rwjs8vmX_IiT6bTdmmz7hRlHYTGg6DEnOw42HbQOD5PhA2-taQ9bcz0eEO1XB5iTlqj57cjoCqs4DTG7fc0amW7o3Kjn8VSA1S6_xr6siVzM3X5GxFv4IuU10pQm8sI8ZA/s0/Adhyarathri%20Thum.jpg
sigmaseries,Thenkani, Baby maluzz,https://blogger.googleusercontent.com/img/b/R29vZ2xl/AVvXsEjrPhfalY-CmeaebAbpr1OQ1qqXCWg1SjRJ__tIo2ZCGQcJ2eplMhc3SyccY461cNQcogrtWrBuZwA3OhCn78KzTrFPDdWAwBwPw-eKNnVXcZhI0G-q8es2DUgY4omdtkkSCoeugOmGPQD8GcmDN8VHcmXJfCKrEDYRUKrcaA-nqU5vGpSu57e8hAlP5GY/s1600/Thenkani.jpeg,https://blogger.googleusercontent.com/img/b/R29vZ2xl/AVvXsEi-rTTCuufiyFYifC_XaJAxL69hruZqwocAax5PU4UJtfPFs1vd0WWQjKdzE25RDhyA365zHC3zeR66xTIg8Z_cmJFYQtuFapsbdxqlaXQi7WCCQLx3BRq4kfAD-Foub6m4fp9OsX0634pCeVwLv9iumpUIdfeQUnlh1Q17cUzfXfuiqLYU66FzdW9rkDk/s0/Thenkani%20%20Thum.jpg
sigmaseries,Cucumber Love, Alka Raj; Baby maluzz,https://blogger.googleusercontent.com/img/b/R29vZ2xl/AVvXsEhthWhN9fwgyAb0DXc1RuOdgt0v6R-fdXV5dJwf1shB2yRB-OOlb8vUWI81DkS-kGB6q9_8ZbZQd9kDuWaHTNaRT5yEzyrd2x6iQCL6KThA1k9tdpIL_9zFgVKn3NOQkBbSt95k_gzvHrj6EgMK-U5yRPgBzOegYCBu0zRp6j-9DSBwO162dqSGV8ccSnM/s1600/Cucumber%20Love.jpeg,https://blogger.googleusercontent.com/img/b/R29vZ2xl/AVvXsEgVVpNRLP5MMqDZjbRhNYfMx1WJxKm-XfIXhVGyCcKcN73-md2t7WxUfjqeNzo61baj9H9YXI0zS7-GDsTao_F0F8bajSc5lz1AH3jeP69FKMBA7P1AYs2hh4TRRE9AC-DS02gZwXBMFM66ldEMHrvtzrh77GLSIq810yPpkphdhjgz5v-92v2a28AhzW0/s0/Cucumber%20Love%20Thum.jpg
sigmaseries,Yakshini,,https://blogger.googleusercontent.com/img/b/R29vZ2xl/AVvXsEipQVJn6wTLKYPp_NAb9o6H92LQg_GDeth2ByJizPeJFSeQwCcto69JtiViwjl-vTiuzZhRlTxpS0kkI4ItwAYqGafFLmoDojvTVI3sdvz5ZxzGO5kbT8PrY697j6Izf5AZlBbl8HSO3HUdxHJC2yJR-zyj8nVHtnGmAQvJmsyIykFsdm0Yg05ClV6gAXs/s1600/Yakshini.webp,https://blogger.googleusercontent.com/img/b/R29vZ2xl/AVvXsEiKs8YURyun_BhiENxfqj18PSCWLX_c_ky4kFkcFYuS-Ki7hlIpErJZhN8czBi2RIUo6kcOCaYlTXQ8RfZAOeG2-gZ9-nkptI1VWCMKScciwOY8NbQRJ3x6aAsJyA-Tso9XVq0Vn4hEq1T0P7YGU22lh_7HnPZusWOmhRBGtntQsxmgt0u9he-JISQGevY/s0/Yakshni%20Uncut%20Thum.jpg
sigmaseries,Kalikkari, Rozi Raj,https://blogger.googleusercontent.com/img/b/R29vZ2xl/AVvXsEirAvfF2lkABVryDlbfvGSQw9DNiNjvU8_S2l7o2RvdiUfXp1ZwMin19o5W9NvHaTPLjPPkB0A1D-fH_d6f95-N9ne3ekpSz3pcqIinvfYy28IwAFyBerVuBrN96fAvdnYpB9MFzwX9cLKCjDi-eK2TNpfeCzUevJsqxmcVXf7Ltl6Fz9Um3nf_g6iBDiE/s1600/Kalikkari.webp,https://blogger.googleusercontent.com/img/b/R29vZ2xl/AVvXsEgmBjkO2yIjtjdxPGkvwJVQ95zQ7V_mDqcGa55eHaeHRK_TeJszQ7tIfG4Bud2O-A6dawbeWmlX6Lcf9R1eqq44TJ9MlyruU5Yon8C_BdRkNil5_-plYooGbkxUgAg3WbQYcLU7R7ocXopzUD1dB-aiUHIA9CHhrFDuP2-MVOrCJHKyWjk9N6XLgTezjso/s0/Kalikkari%20Thum.jpg
sigmaseries,Aranjaanam,,https://blogger.googleusercontent.com/img/b/R29vZ2xl/AVvXsEhmS9gYSei-eE71NzMscGkD1ZfvHyr4d3JfyMNtFJbU6-nTVZ2O8TfZdbtS6IdEGEbBcjSy3R2CJ9AVnM_cvwqWEjFuYg-X3Rr7Kf1sQaPNOX3wmeONnKEazj4zPnt9x0_ctidfewE3wQY1zbKOKTjeGn0Ap9J6m3slwnjp-OqDT7hqX2vCkdXt5cR83zg/s1600/Aranjaanam.jpeg,
sigmaseries,Nayana, Alka Raj,https://blogger.googleusercontent.com/img/b/R29vZ2xl/AVvXsEj_rThJ6C2XuG8OnKGjtw4N0Xv5enZgPzHko4hIE5Jb-A3P5D2IEiBtjRQsS6C2YaIV6T5es62qFRxc_2RoTke2rttLGF_fmqL1Kd2c9wsRBw_jSW6pRNwn3OVgIhNvqg6czmJXuHUNsNmV-Wqtsl6yY8hkIFNs2eWkamRy9f9lMnY6eH4G8EnkLg0Iyd0/s1600/Nayana.jpeg,https://blogger.googleusercontent.com/img/b/R29vZ2xl/AVvXsEjQI2M8hAaSoG2Ptdj5FImcotC9gqOTZNjDpajYSpXG973b8V8WPhOAOZ22auI8kXLPw4ZbIy5rrTFUEbD_IoTva7lSb4UCWAzJkshW_x6lB1dBgkzf1ldqsVXU-Y4lrHMb7-tTtQ54U51MeqNA0gLp3hsmwZF-AjCQ9M_lefgyXdfNEVGZRJnU45wIrlc/s0/Nayana%20Thum.jpg
sigmaseries,Mistress,Tejaswini Prabhakar Gowda,https://blogger.googleusercontent.com/img/b/R29vZ2xl/AVvXsEihDlzP3iaygJx9Q0rDQRqm532SaeYaqcFeDlnoCvtp7yqYF0oyv4U5EUImc5PPnz34QCAS8QIiGVFedRsYgjSr6mEBkrdpvgyujO1cDt-8x7gOIsHgJY7aOejHE8F-ULVESY1bBqCH_RIrq-I1mi-j_1mS88shSt3q9nVyeeKh98Rt5AlAfsYxZoAct38/s1600/Mistress.jpeg,https://blogger.googleusercontent.com/img/b/R29vZ2xl/AVvXsEhA0Q2cIaeZhjKOiEBGxPoMnbpShAjHAPvgruzqIjz6H_lwMt2sRZA6ol_h8U96rtw0h0xOm95hLUM4XT2nm4F6TUTZTy2RpIkYDFUXeQ2XMGFBWGzHVjE5DNV1fb_c6M18gBuUWZdoBJEnRhU-OrYMISwFrBlH6Kp4qFUqXxkYDRFqXlHHu6FsqtJtIk0/s0/Mistress%20Thum.jpg
sigmaseries,Guide,Humera Shaikh,https://blogger.googleusercontent.com/img/b/R29vZ2xl/AVvXsEjzDEv-n8m-SYIe9SuKnvrPSa6tRzs63p94br_b3jyY3CBnZ6IyfpkpGDI38GaGZypIPZQtJ7Xgxp479ffp9MAhyphenhyphenlGMYwZxKt9XqZruK1gTD34cHZ3nJhcO8QsNsSVFFqIiZRoCNgqlGdw_7agMsA_zZ5ppzu0bGgLdArOsA4OxD-IqSoEinbuqThVFwfE/s1600/Guide.jpeg,https://blogger.googleusercontent.com/img/b/R29vZ2xl/AVvXsEjybygiFjJ9icx4V440GydL4EO6I9ZfuGPHRC6eLvi8y8gAkxa1zPWsycpZTg4V3gIfn6XfAAorTWk-ZYVPkCcLuwMhYWq4cvcZqC5s7mvdNp-CeV1e-uc-EeSFLvUrzXtrCglV6wLzSMJ-T07Vf_JIm4Z6yLpZ4RNsebonUoKYn3yyUAQ__Hz-cyPEzXU/s0/Guide%20Thum.jpg
sigmaseries,Home Nurse, Tejaswini Prabhakar Gowda,https://blogger.googleusercontent.com/img/b/R29vZ2xl/AVvXsEg40Fkwg0X55YW-MYQklexcBjrsTxPjjJSir36ENPSaIn2CO7GNKj84BFukG_if1-KPUGn15KNQmDJ2dxuHPuCZcy64k4Xtd8WkHaKa83OJrCbmSq9tbVI5t8Mk1Qib5kHMNrSmaPTYNOKJ-m0JQRRZyyDDvbDcDOoQdyThNZ5gEN59dHqJDLJtNWcJAN8/s1600/Home%20Nurse.jpeg,https://blogger.googleusercontent.com/img/b/R29vZ2xl/AVvXsEiSSRS88FOv3vnuqR7HR6CV67q1cFUORlP27cmtA8Pzi1QjeGTpIL6AJEQpdVvCE3fPSKiHw1KmJ82Qd-c6cejO44KfjOIuUZsEz7KRUgbN4bjlwixw13ZBwVyUPUzHeM-v5s6m8QD00-PddvKtudIt0i6hIUrWs1xwQi6qRaaTZxhwY0N6eNyxg3hKhV4/s0/Home%20Nurse%20Thum.jpg
sigmaseries,Anamika, Pratibha Soni (aka Divya),https://blogger.googleusercontent.com/img/b/R29vZ2xl/AVvXsEiQiYARwrmt7KL2X1gYeHKT8GkcY0QWWOgXSBE0_YfthUfddTLrkuzvel2mc75GYrhzQleAT-ScRqYSeyO1LCa1zC0URpfDZ31xmi1PyzE9wRoWaverrHsFImQ17KQQ1FXnDBfjX9oKDhcSSjeiMISuTO4VIMHxFUXVRDJaFDoDq1ZV7zAtQb6fIkB9I5c/s1600/Anamika.jpeg,https://blogger.googleusercontent.com/img/b/R29vZ2xl/AVvXsEiNHQTCglLl3zef0xCDWsNzFfDEY3BjOeWNB-eN2jmk4HdWkq3-ZG9XeZrH8oX2128lEFvJ1n2sRcy284tHlaIvfOiDLAklXaZGUcu7S18GTWZ91j9cPHAckD4UbN9i0cPhHUK7H15_laupKaPIYVlbHl0P6FcPq5Njxm4KSzoTrcYoJ0bdG-loXEpxu6g/s0/Anamikathum.jpg
sigmaseries,Accountant, Pratibha Soni (aka Divya),https://blogger.googleusercontent.com/img/b/R29vZ2xl/AVvXsEhF_F0x_hbsJFxYze3f6m7_w33suI4tLF1CHNvwQdeIfy1uFc4XyN9E_Pq1iyJbGCMhFjUh6dzExBZCNZr-wzB9cJplGK1HLnpZPPdpglo4NNHL6ZegojTpfoGvd2buHsfF014fKAculOOz9w_yGAZlCVwKRikOPOCwgA2c03EzN0RZrPv74Vxtk-zeVBg/s1600/Accountant.jpeg,https://blogger.googleusercontent.com/img/b/R29vZ2xl/AVvXsEjPXrdbKTGrKYidJg79J_VuitIhA1l_okeohS3UNXQJojNCQvfY4-6L2DG8OuVrEf3QzfU8_SNPlCLdgGe79QUKkmiiPkQBOv4xhwPEGtt8qtYI5DphSm3HCTv5I8Kf1vIrgTElW2pBf0OHgAh62QJNuGhfuaZ6R-moqLe_xlWwzaKMYBN5PijzXBhY8rQ/s0/accountantthum_1.jpg
sigmaseries,Cops, Pratibha Soni (aka Divya),https://blogger.googleusercontent.com/img/b/R29vZ2xl/AVvXsEhuOHMSBjrUKzWKOyVQf8qXhqcSWelW4UMu26R6n8GtF_JJ5yMKFkSrMpeSa3LK6aBm2ha6cQySKDC8xs4hIT_CpR39g-PCIRtBqIh2dfh6yFbuTR2hUAImu35WUOUhSojFqTjUmFHRgDRkm12ebHVyg9DDzRNvEYVT4HHLIK22RlaMzpwbGmD-IzxIOCE/s1600/Cops.jpeg,https://blogger.googleusercontent.com/img/b/R29vZ2xl/AVvXsEhWaKjQKZbbAPCXgdAXulJAOEUj3KNJO7yPogNl1Yj7muRN9W1H5KmPHtGgoBjQ39bbpCCDlH1twWtfJbAOS27WzgG_kt9SUsd9Aumz1deSEuTJ70opSX7DSyxWJbTNRHczSux4aIB7PmhbShoPQ0cX44nKsKZm4D-lYXPepHWSNHgk0B5abPZy0AfGjZg/s0/cops%20Thum.jpg
sigmaseries,First Aid, Pratibha Soni (aka Divya),https://blogger.googleusercontent.com/img/b/R29vZ2xl/AVvXsEgcYcW3jms6vSmo2tFh5ZClXUoJQYsYw10rmwbiWFIQJC9Py0w2SUxiBfxGvtdah69cPgzXqH7TbBegdinl2liZWrYWlntT7xt88HH-tLutSkAuto7KG2ji7k7PB3bSpux-OY_lbNsTIU4fuWFNCBs6g0hmniJfJL_HyNQDK5b66l9d3dU7rV3uAgBc9q4/s1600/First%20Aid.jpeg,https://blogger.googleusercontent.com/img/b/R29vZ2xl/AVvXsEiQR-aMEpRNpJrKp5nBvg_pkCIvnWe2kCxj9_5Y8aXSYa0KdvS01kNdzIFmAGpxWPZyBLe916nWZz7gOsEiBvYPT99vOpGmvz_HHIazJlyYTxJLhtnqmm_hXPFnaygvygh4UU_Km-wnjz7NVrzfJxG3HF7mjMREYMjrHFSy4gyBiPSO4Nmui5wK-EmLAVg/s0/First%20Aid%20Thum.jpg
sigmaseries,B..D..S..M, Baby maluzz,https://blogger.googleusercontent.com/img/b/R29vZ2xl/AVvXsEjWTTDlzcHEFzY7OxtORsAiFcAYZVmqLMaMrMLNdy8Jzp4iw-3vbIj3noHt9v3L_07yKTIVZIuFbArBsvSHAcf4Ol9pEHzrFC4TExhzUEFEsHN_5d5S82cNrH6QRHG6HkMUCNYfHVw9wRGTip82lJYFVuknhskgy8tJ4JIuUfBGQfi0qv_SMJrqXXuqnws/s1600/B..D..S..M.jpeg,https://blogger.googleusercontent.com/img/b/R29vZ2xl/AVvXsEhp6p12M_gotl_DpWYiwWIVVgKTtHA8R-iPiDByjMcW6oqGk066CN_iGuqMHqw0Uyj-3M3ipEn1S1i_7NE4sUjNmvcO307TN0UrQo9OhL0kgz0HiLxmO41v1mSr321I-N_tqLbwHi4WgWjn7mvFjpCblIY8K9ukK-DStQ4tbA-3uYK281xm24F071aPp_I/s0/BDSM%20Uncut%20Thum.jpg
sigmaseries,Meera, Kajal Chouhan,https://blogger.googleusercontent.com/img/b/R29vZ2xl/AVvXsEiA8Uz45TW2SSgAnkUzq_kFAIaOO7_YIhjWcxAfWN5jLmtG_1PH3Ibewb89xYZ5lUBoSlyUWwhuS72smJ0mOvQa3b_XSSMzrbPYikZIkTs6P7RVd2NtQNSNUng_GnXrkwjCxnW3G3RQb30vBdNgUY_QxAZUlYhr8Lb-eNPaBaHsf9QnEUjJ1JlmD2MHKM0/s1600/Meera.jpeg,https://blogger.googleusercontent.com/img/b/R29vZ2xl/AVvXsEgpjgz6XRC7cJiSwt4E-KmlVXa6M6Sa5VLy0LBbhv35mg_LWwE7t7zSaMbe6cpugtFkzmNaetqIBu_ZTAnOfHURGKq39w6bdHDR8pdSE-rawQiZog17vIgpA78KlzTHo5HviNUzTuf5o6z7IVUztPLSxWPpe5p2g8RmA6GR6WpDIKkoRH0-iyk3PMY8GMI/s0/Meerathum.jpg
sigmaseries,Kalyanathand, Sweety Shah,https://blogger.googleusercontent.com/img/b/R29vZ2xl/AVvXsEiQdtTibkh7Eh7Sxn1CJT5spqtnD47gvMUWBXg7SDvU90atIELIKtPVK_QLQP5pD6L6tBQPkmMS01Ui4XYg0Ktl_QkTRLOHhpInAL0c2EpPHEAGMXAdPF-4SS2id3bSfTBNdhO_LSufU7WEj6QspysUI-ZJrHuIargLz3wH9nvf1lkCd0MD1rBDKkcGGDE/s1600/Kalyanathand.jpeg,https://blogger.googleusercontent.com/img/b/R29vZ2xl/AVvXsEjJlP_EcQqDiuzzkb18a6TOfAknGsVk0ytcXhbM8r4HZqyDzxTuSMY5_5zMecdAFtD4KrnWxEaqUYcXVrUrEpH6-A5uEyke58hzYJtdF_cODaxRDLUc7Mo2XT2ucGgkkdUFxBip_gDeD-xRfvnuVd70H8toRnq9kWU6o2q5WNGiShI_aTbKjEeFYc8zw70/s0/Kalyanathand%20thum.jpg
sigmaseries,Malar, Alka Raj,https://blogger.googleusercontent.com/img/b/R29vZ2xl/AVvXsEgx0SK-kHjjljbOqRwURINXkNAvVjNOtzk0U5FG8SsyaFMv7x7m8RmjQNy_fybe21Bt5l6uV-ndkukgrWGKd2ta8_LaDZEjrFk0p2HbwrWlpYsjUVlUBbT4nCfKssPrIzN2mi77IJ7wdmqLm2aqngjAXArwbtgdrut_k29DneZd8aVy1480Ar07hsYGJK0/s1600/Malar.jpeg,https://blogger.googleusercontent.com/img/b/R29vZ2xl/AVvXsEjfnC7ToghgV2Mwge3WvW1N_Z5LxfriOiAIwdlecCT6HE5BAuFzKbezzOe8UbqvViZnci9ZN4P6IQKxSRwOXfbJjuAFEgZfP8CVm6cHUm0tm-DNRrzJd2Xy6NawhcNQPR6-ILQs1tVc0f8UxY-4VGPiLTqmixtvg8WXn0K5pxJXOagfyn9AUNz_b-GLrME/s0/malharthum_1.jpg
sigmaseries,Sringaram Uncut, Sweety Shah,https://blogger.googleusercontent.com/img/b/R29vZ2xl/AVvXsEi0fM2LI0DVC_LTbK78Q_C9tdrRqHcguT1AYPPe5RDrUSV3b8FkW2f4pZfdxSawIKi8QASXTtjKh-8UBFVGpWSMQDIiqKWWU-Mm3ZYbje2djf54EMa6GYu3nFyBhVy4NL0gqHNK_z5TYLqOj1s8IDCHHau4tD4EbS_QS4KFMz_AH92J9Mv97VJGMTTkVWs/s0/Sringaram.png,https://blogger.googleusercontent.com/img/b/R29vZ2xl/AVvXsEhj3FPql-dLiTk-DNmHGQKUaLLEJkQck14JzWxx5BKexa-z2h7ufIwd-OPrAFBouMACntQhuJ6sYpcN6P6JrQsJx7EjO7lXhfbwHwnqw8HQNxXXisSeWk1lfvZDZcO14v_y59G_O6IuwhD1tWf43PJb0NDIiyNMZ0cf3BIlXIiZmYgYIKLmGIFNhLjV4bg/s0/Sringaramthum.jpg
sigmaseries,Kanyaka, Priya,https://blogger.googleusercontent.com/img/b/R29vZ2xl/AVvXsEjgrh4E3HvxHI-DPGEkPC8uNRBtSZit1yCOqQRrPhfOgg7iW-c6u-uxOXwW2A0pJwHT2gK6hhpufQ1-yXQCgbBJnbG8R4EXx1JmvY2Jn8BJcYAc7rJ85Wpid3LfbtEEiA9nUYiml5xrvt7YzuzUw7Qu2vhO7m7_cr0UVMNR3vZOsWHs9o_UVPVFGdswCjg/s1600/Kanyaka.jpeg,https://blogger.googleusercontent.com/img/b/R29vZ2xl/AVvXsEjLduSZ9iHpVXCwPr8r7QNEcL0SABAWX9vmqrvcu1_SWgGzdNoepsBl8H737gRnuI__37nRwVKAvF1sJy0fM8Bd_UuDhywnh9OqPXZC9oQF8G4w-o0NvSW-X5hY1HchNoDZZaxL9AO7qJIVOSDNL_Trcrd8Nq6eYnmziLUX4AAnMmPCqDDw8gVE92e7KtM/s0/kayakathum.jpg
sigmaseries,Fish Moly, Sweety Shah,https://blogger.googleusercontent.com/img/b/R29vZ2xl/AVvXsEjqXuBShmioNHe6PCpS8jUI0nSCwlBEixpD5b3cfTW_mmO0r-LJZQwCdeKsp5fDSgt81K-ys0w67vkvcELXfyTSUMK03PFuKOxMU8iilH_QP4avy5z9_rFdGLcoxP6FWs2jsN_uCAP2WjMU-YLfAuJD3nRdMvasuL88O3p7QCIIwvn4fAImNCkgYPIgLbs/s0/Fish%20Moly.png,https://blogger.googleusercontent.com/img/b/R29vZ2xl/AVvXsEgMGxxXX3y3MQp8veqFpSRs3vA6j-6X3BSq7vWGYvMIlmVg23nji2kNHW0nfhyJMlJ6b_hWYUUN8EO-G0463F1U5qSALlMP1LAYT1SV-4I3SogSpnhXyG_Uj_qTA8y076ZZOZVhVmSqX4Rh6BUHSEzQoRfaFpzq8QLwZo_3BNLDwPDNwd8oPbEPuaT8KRI/s0/fishthum.jpg
sigmaseries,Mangalam Bhavanthu, Priya,https://blogger.googleusercontent.com/img/b/R29vZ2xl/AVvXsEhFyB6rIN6qJmfyK7eyHFTOodyYNt6CH2V-mCLJu7N3ZXBmz95oE0LFjUMfT9SH5l1Sq45OOcSPSWXeP2Qxt0RpOYIIwIy_YcpXnXIC7Jsyp94GnxHlcPe_RRoafnWZHAnwOxd7-VAl62M8GHGrGdVAQbr1NmZM5Xa_YijEHbXY7IovleQLnE4ojaRfJVw/s1600/Mangalam%20Bhavanthu.jpeg,https://blogger.googleusercontent.com/img/b/R29vZ2xl/AVvXsEgO4iLgv1ERzjhhf9XfcVOE6kCLAU-FQ0gcV5Rka8NFyhSoklAbZIIUSowB9V__Zn2LFJSINCAvaGnegR0Ns9_KF6DTN-Tdg95IhsO0CxC3krz997YSQTUfwBCJ_P-ko0F2Uh7tKmo9Myf9iTV_V14d52LOJp8gnS3qn6ls1uwCHo2Z2y2NaLlagg4BwAw/s0/Mangalam%20Bhavanthu%20thum%20copy.jpg
sigmaseries,Paraganam,Shrishti Sharma (aka Angel),https://blogger.googleusercontent.com/img/b/R29vZ2xl/AVvXsEio-xAmRTWHb4Dvuw8lxAzgKV6RTXG-9rEljYRzKZyoJVFbSP9CiAsxvcSVHyFDePZo8H6aT1VtNPg-CO0Yy3lO-XOY4k-1Ct0UM6GLf0xeV6swfJaWFpqC7lwRMRzaHZeegVumqnu0eFjGuhrAAiK6ChqCt6qZCypnjDzSZky8RDwNS8RwJFAChXxdBN4/s1600/Paraganam.jpeg,https://blogger.googleusercontent.com/img/b/R29vZ2xl/AVvXsEjv14LaOunbYGGz0gkGfIBaIiPRfeTTZqT3AtwBha_4T3xE5M4EgE4FXc-dPQ99br4vy8GzzPfohRQYV4xMS9XApflKzC4jTlxafaNMWPAc3wNpM7D_CFOlkieYi-R_u9o7Xen4PWvTjyvUpgsomNSdp28fwwXFRE-hg9iebzc_8KHilsWtWKX7ac7F3ko/s0/paraganamthum%20copy.jpg
sigmaseries,Kunjunnooli, Preeti Rana; Zoya Ansari Aka Mira,https://blogger.googleusercontent.com/img/b/R29vZ2xl/AVvXsEhYI3tbM30zIBYyKM00gj0jsq3vHTeb1vVjnoPd0TSTJFFedJ2fLNjYAXciw5KS-2m9OHvdPBoulMt-sPybMoSgC43A5_LUAjvI3nlUJeH5xwAjSYTO3X_u3gAQU-0cVOVpfziIBBCprYp7GfGwi7yZEXtJO2uhgDfU0OvFss_EAWiPuOGIR5WhxYrWyzQ/s0/Kunjunnooli.png,https://blogger.googleusercontent.com/img/b/R29vZ2xl/AVvXsEg2ywS7dZt1Scz98b7jDzscxLkylT6EbyVu6CPZJ88fwGMNmXq8qyJvV5TKIu2pv8Q1A_GFBXLWK-ohEh_FzeT8BqFyc2ebdg5pVrm9S3405kwb03bR9xuFrYT2rPXYx3Ujl7mBrrwoRL3rYn45IHPJiGNHrHynAaYYzW94NOhyLFyccy7G4RF9hGlvC5I/s0/Kunjunnoolithum.jpg
sigmaseries,Neelathamara, Ashima Sharma,https://blogger.googleusercontent.com/img/b/R29vZ2xl/AVvXsEhlXtbxYUH3yLKCoCYgCMROCByjeC_9Dbql1Cyej6l-xpV8zUNDx2A1F3dvENVBiIq_oQhdtCbNZoZRULRHzdLiu-H735FHov6sq3f5DR614BV1vrYdkwj_KudWLHzxaIe0ddWYTW8ZUeJMKUFIwMGbzJT3dthR1uLIA_XJDq4KReqhKTMvL_wBqYA7kw0/s0/Neelathamara.png,https://blogger.googleusercontent.com/img/b/R29vZ2xl/AVvXsEgmBVzDvBXDErHBos_4HS80ipGDbbCwRMV0hNAIQnM4Q1Cq-UV4S873WXSjQtqWwZD8x9r54nLwfQHL4_4iiTdqOMMMOmW3PoX5d7VdyuawMQX5zVr1WRnCnrlsSm_0evyV3UZNMrog3_6wOD-9rFrIOiYNek0a_2Hymg_9aa1-Q_7k0ldoKQpsCYVKm0w/s0/Neelathamarathum1.png
sigmaseries,Oh Babe, Srimoyee Mukherjee,https://blogger.googleusercontent.com/img/b/R29vZ2xl/AVvXsEgmYUidwwlnFQ2aCFXDmBg5Tbau-D4NK0uCpG_v2v-EB8P8g26WvnzkassFY2ibKfk_epNQxuQelJfOUyB7zEhVAUjxS4ePp70zDUVETMjlrlJYpf7kamcMxdfD7067qHZ6nGJNNVM2YtO4pq5mIN3oO4bdpLPYcQgs6znSpHzOi3ugHSqFE4xg31STF7Q/s0/Oh%20Babe.png,https://blogger.googleusercontent.com/img/b/R29vZ2xl/AVvXsEg8XxKJZD_yIEPvtLTjrEDEpFxctVtO7Hbbns111Xe3ZLirWxQmdZm4-80DC0x1fdpPk1_lp-MbrEhSWAC6bfOT9JrIhARCgBT2AsmB7tZ7ZWdM8ozQvrvikKGoxtrEqro3hftVUqYIwPUrIHmaGI5hCsfTkaBJ2xyyJ5v63_8XX55G2MdGukCKps2L7_g/s0/imgi_6_oh-babe-sigma-300x450.jpg
sigmaseries,Chechi,Shrishti Sharma (aka Angel),https://blogger.googleusercontent.com/img/b/R29vZ2xl/AVvXsEhdsRx3gov230l4VenMWkUitH4YXXzJ-w7KKgh9Zya8Ud8r__BGtASbGAEgpPZMkTi8iTYLTjOGyPMckrYYK468Ul78i8D9tG9lK9ZJL2KDRR0Lo7jwC8pqJa8oqAIvxtl_YCXHNiNTkhJycqcFyqBH5vui4jgdYp8JOUPsFLwWsuYL7NW2z4n1x-jTVmM/s1600/Chechi.jpeg,https://blogger.googleusercontent.com/img/b/R29vZ2xl/AVvXsEidBaiKsXMLlI0UJgpHE68zrdDrhpoROwlABBnky_bAGQhqKhAEzMphz2V4LrBQcM580NVrguLIvy24fUC5TE8qQqsqawMiEA2GEIw0Mwb5eDKVKKPChnzgWV-6uBQ_FEXvIA72lF4yeH6Tmgq5zl6gwtJXYxWCHK4eUHJ0Br2tqRSPsYwXFCUamhsuC70/s0/chechi-sigmaseries-300x450.jpg
sigmaseries,Night Work, Sassy Neil As Shalini Kataria,https://blogger.googleusercontent.com/img/b/R29vZ2xl/AVvXsEh2XLpu2l5gfLwGpxm8eX_X3gY8zCWPLNYJp_vjiVneJEFW7hrcuecP5DH1qDF4pq22lWEkv39CEbctmJbiad8rKTAc3feyZYwEwulSMknP0c_6ysWBEBD-5OJpoiqJRIn53Eu_nRDqK7XW2f3KPz021-CZC1EjvfpjD47vaEf0Fey6j_NL4dHryihyNHc/s1600/Night%20Work.jpeg,https://blogger.googleusercontent.com/img/b/R29vZ2xl/AVvXsEgmK6z7EbkanQPqsgp5Eyr3vEBrfGdC6JI23JVz4YGnd5QF2N2NoUnGuiRR8aEj7vPxGd5pzcWf8ayhmVWpj_tdQSRNZDV6jSXzL5klRf2AbMrCuL0t3M0_BuIKIGNYMzHIxv2NBZCHXZzxGQLYHYzxmlfhtLEuaTr3IIGHmP0oaS3S1n6fD_-YDV4i_7w/s0/nightworkthsigma.jpg
sigmaseries,Sleeping Beauty, Sheru Singh Rajput,https://blogger.googleusercontent.com/img/b/R29vZ2xl/AVvXsEi72__VATW8M9O4APQC95kfaXVDpxuGsTTRa7_x7aAbnjDgwwtc5aICUdIrqBZe_X6lYlWHmlR7e30jQcAlz7e3cUKCeEiiHXDu8f6WYqWD1SEdEToyC-yPz6ZL9vzgUwTe7LkT_cFsXd3cYLvukxjRpGiluLHfp6qtWm-2XPqkjDjrXUj79Q_CIVpKyfc/s1600/Sleeping%20Beauty.jpeg,https://blogger.googleusercontent.com/img/b/R29vZ2xl/AVvXsEgFSJlqBqCGToWR4lDz50yZSDGx0NP7eDjZ4GjmryXhkZL2IBQm-RPFjZdfXvQaELV6iN89-yjGVK6yTwex_heifhDN1vxmueb2ovMqO7-iEOb5JbXHUaxl7s6JjNaAaANVvQEdqH_7UzueJyAur5j-FBmRkV2nShUngAoFd2Z9Jz2IAFNxOyLdR8POKiM/s0/Sleeping%20Beauty%20Thum.jpg
sigmaseries,Subarkkathile Then Kanikal, Rozi raj; Zoya Ansari Aka Mira,https://blogger.googleusercontent.com/img/b/R29vZ2xl/AVvXsEgYkHdC9BN35SdJviJydL6b6ls131KbYTeZHKdWOdWImlWI-IL62NVxIsnAJIw1XpRQkDHn_yT_qVf9KkCR4mnNcyJg86WJa03GyuQtI51W9sMHNY2tp3DwAzxAmuKOmIOVyXDeuGug32TS0iDLsSzN8_JQuypxiFQXdT5686QLIJ8McDig6TrcGRBbWBM/s1600/Subarkkathile%20Then%20Kanikal.jpeg,https://blogger.googleusercontent.com/img/b/R29vZ2xl/AVvXsEgmddGhRnnFloKlm11MV4WKE_dlR93z_e56l2xwNnp42iTuAt-1EHHZ53J3Shc346bwxzPEsz9EYDD4_ChhxSFtahzF-DTrudQjZj17ycGmnWwYZkqwV2dCRuz7FAjVNOXfVTpT4Z4i-7UvAXazS9ZBjg8ikLD69eshtER1ozkiX3pOp3vGCFxiKkS4EWE/s0/Subarkkathile%20Then%20Kanikal%202025%20-%20Malayalam.jpg
sigmaseries,Hide and Seek, Pooja Pandey,https://blogger.googleusercontent.com/img/b/R29vZ2xl/AVvXsEjL-gjyNKrFasujOvbqV1NVfMQLM9YCdxtcgtQiV5laa5K80_pkKF5SosejIRkar6RUhYKnkWGI_Ug3g-tCeplY9Dm6AIZAD2rRyZDaY-1u2d0BSO9cL1SXJ29EtRobMEd7WLXZfiNXr7-aY8jUcrRaoP4zlrzi6gySo1du5asKrJpLrARvHJE44GXtSF8/s1600/Hide%20and%20Seek.jpeg,https://blogger.googleusercontent.com/img/b/R29vZ2xl/AVvXsEhgEE4iBYT1kzffGLJoBK9u3G1zdmBTcUDy2Lro_ZKnyrmTurTiRhSWNKilBA1_Y-hmG7ESL8ZsyCYdtgW6agPIdE90QbiA9EqIVD1EzwRBWXS0teQFxTA86Ah0Y2t9AHM5jyHEZnUG-Uvgnp0xXU6J3nZRpNkkNht7Cy2RQEqVfV9VWPYksDei0G8aX9M/s0/Hide%20&amp;%20Seek%20Movie.jpg
sigmaseries,Aaram Ward,Kenith Rai aka Kamini Singh,https://blogger.googleusercontent.com/img/b/R29vZ2xl/AVvXsEho5g46gLYsEY10MyfYE1FqPFID_OYMc7IKIhyjx61wSoI7Urmu-SiPTR9IHS6jAl2-EBSbd42d7KI-NPblPvZA5V6ldpbytX0wRgccIZyeHfmeoZ4byb7tlKOHijJQVjlM338-ZJoi3MLwucFKai587mg4Tf7rvpemXFu5isGxaZXUcqWBle5vgLr4uRQ/s1600/Aaram%20Ward.png,https://blogger.googleusercontent.com/img/b/R29vZ2xl/AVvXsEhRaPnyvCOOP2i9pbwocLWHMJDF5gjs4YZm-hzhiT7_p6vFJ5KBPCNt2tZ5wsWhIL1NZjePbDPbmLj6R-Nf8XM0VspYglPXxaqK559H8VyuSbOjeYELj3EtIFyELe7il1_QNwqT5Gct8OeJk68Asqe-0Wl5Orbu5qxjnp1eWhd7o8EInmZp1TvIdro6qKk/s0/aaram%20ward%20Thum.jpg
sigmaseries,Night Drive,Ayesha Khan;Shakespeare,https://blogger.googleusercontent.com/img/b/R29vZ2xl/AVvXsEh2Qp96Ihnqz5kmsq8KuzvP8wOdZmKOTtSxA7WHrKW_GJ2ioGcCQmf1Hqy9BTFH2XWJXPiyY8DQulyA0uqlCJ5mMFTctrfexfyjBjpfxxIsYoRyQaybkoPpufTCOkodJrry31yoSpWQvXEX9jDEXQvcvgh7SbUEH3jx8ckoZrraYpKlUfXJCGYAo6zX5vo/s0/Night%20Drive.png,https://blogger.googleusercontent.com/img/b/R29vZ2xl/AVvXsEheMUWGxXsA1-9no4tpyv_3o4YYGlI8xukr5RxQZE9NXc780FPy5G32F-xEYjYifVlpsVJb5gyh6DajSnx9zV9nIbHPr8nKQ9kzop37j1SQL_HJoVIcmTYrEfv-FODcgSFTsHnSMFcm_IxgVRhx4qMa3KYr4UZ42b6GbkUNeupyi1pgBJKivfmgafehdxE/s0/Night%20Drive%20Thum.jpg
sigmaseries,Vanilla Ice Cream,Abhila,https://blogger.googleusercontent.com/img/b/R29vZ2xl/AVvXsEhtAKk_ZmGsdHy26xdi1DKLPtoBhNebXotc0ZU_Hz8Q82VG-V0qtyf3sndoIxlz6bMTrbfR7caCSq5tpgC1fCxJfjwXv1_ZgQl6p0LaIWVLeDT4UlibOkuO44PHs2CSJc2RZHd-Iqm9JL1naBWbjSvwg8RHRsHSCyB9N4vE88ecRc0aQGOxuq677Cil4AI/s0/Vanilla%20Ice%20cream.png,https://blogger.googleusercontent.com/img/b/R29vZ2xl/AVvXsEh62UHTkkw73KeM2UV7RuCGxFW_S9Mil3cPfJL-ogpp4LXQUB6ec1q5x32_sGColIE8k_5d1mCbrOfCep2htgprq5VqRm4QAdFWNTcdvRXVNgZEVOgUQMNJQgrlU1S9t8eih2WmKBYnKFtPoX4vrkK4f-qbOTmzrmNobx08OVtWgQmcB0cTtV0XPyG2h50/s0/Vanilla_Ice_Cream%20Thum.jpg
sigmaseries,Kanana Sundari,Abhila,https://blogger.googleusercontent.com/img/b/R29vZ2xl/AVvXsEgA_jJOweoBmiBUukRufkx7-8JqasN9NAFQlBUKcZ4nGQgN-NZTjbufZJVbDAaedu8VQThx_mCxM1IapRI38RZLz-5VdkriB6YyFtAqGVuES12pjY_dR6_FplzFGescx0ep1MVISA-WcMKs9bC1tDEERpjdBB9HWhz9lEQLbZa8_gX2sJE4AMx5eceQ01M/s0/Kanana%20Sundari.png,https://blogger.googleusercontent.com/img/b/R29vZ2xl/AVvXsEgvX0eVM8lV4WzTaHv1GX5M6Ca5JysS-6uuPRAY1qDESCHjVWe7Fshcmv1E8PXpt9kUBV_fLbxdgbbjHhrMF8rs45cU_14jnwibJkZav0h4fIfcY89R9igwmWO1Ym91-vW3peLM7trFOJ4NJifH1i3PygUIbJnKa4cUX16zTrbzVRJdG_2UhouQx6YqbKY/s0/Kanana_Sundari%20Thum.jpg
sigmaseries,Thathri Kutty,Sofiya Shaikh;Alka Raj,https://blogger.googleusercontent.com/img/b/R29vZ2xl/AVvXsEgFu8BD-moidkA8cM-aoswbdC-GT4ofCRnOdum2AklK78eWU4Jz2Pqwt_P0rA8HJOW2AWPMxmvFbwoW62g8KLGuugAstrP_f8ExVIsY4Nv38JjCFtOf4kxvgjzNPhmZ9iKgYa8UCfkwM2OVBdgoIfhRilecSYusgRxfpbXkQMrVqTi2gZI2PPzO_r_gvhY/s0/Thathri%20Kutty.png,https://blogger.googleusercontent.com/img/b/R29vZ2xl/AVvXsEgRAhtBNbDyWAEw0k2T6btFEdixHz9xbdmy_2O-zXYkXMFzZ7tuyja1mybYtVrSCTNTbxu4GnDzHtacxJ_vrOHBbRBf-us137_RfYdGVJSCNeYFRpB2d9zu1hllBZHB8VJhegYZpdZOpIsWQHXB3FWUS-7v5yikpYTOXv9yDFEJSS88d54TcEgi170_hcQ/s0/Thathri.Kutty%20Thum.jpg
sigmaseries,Workout,Ayesha Khan;Shakespeare,https://blogger.googleusercontent.com/img/b/R29vZ2xl/AVvXsEjxJkKcCUYctkaJ9YpM0sZlXs-aXzpaaKl9ieOlVMpDa502a8DfKlE3w9qx_9bzS_Ec4mlDGsAYKStmmjHlTV41jmlIOR0k7EZez-CbBNkPUtpkhDgVBHyNidI4yTLEqpXPhCcyzrwJHGKFftIy5XfFvWPwdt4Oy3rKXZULcZWOdBKOuQknVsgJlsjCK8w/s0/Workout.png,https://blogger.googleusercontent.com/img/b/R29vZ2xl/AVvXsEiLclTLf7OkV5fIrEyk4Xik7E3w4hFE1x0EJv153Cxgmzl5fwWWQ1Q-QCHR_RM2WEGSWuabzUIghojvWGXkZpttVJSUaGw1Xlxik9ThQ6xhQHrMtHzpUYhyphenhyphen_IJ6dTKOIeM73WpWujBf_ASxVxLC_eg7vUyOZNIb5ZLMMBAWhBdyprn0iiYnGpdmzIj1yh8/s0/WorkOut%20Thum.jpg
sigmaseries,Chocolate,,https://blogger.googleusercontent.com/img/b/R29vZ2xl/AVvXsEjkjKOSJn_lkTazLfivYkMF-rocygkbAV4Xlh1m7HvM_dj95i0h-PFCf_yA9Ob8E5zPSPrvoqfHNtZvMDQK0dYkR4BVXTjD-2N5BmCPzNfqtiTet-aYRxrwXgaGpnT0crlgCGIk1Pg-T36t8_TEt6QmLuC1LMQfiL2lpXe7cyFPcrhICRPd2w55V2k7Jk4/s0/Choklet.png,
sigmaseries,kouhkam,,,https://blogger.googleusercontent.com/img/b/R29vZ2xl/AVvXsEgTNm-3ZA5Va39j5lheRzyBEMokV3UZ7OmmVrSI1MLIOz02mhyT3trsNQ8QG_cBw-naR-v-1uCrxrL6e_jcdRYUWdSse9A_3OKApmo4hT97cy3f5GR7bVIWrZgKXjrwtxEmPCZfUrhtbwk5mQ2TQuAIARyQC3l_AAYpee95MsmWk20KdA1wZhWBRle5uoE/s0/Kouhkam%20E01%20Movie.jpg
sigmaseries,Sailent,,,https://blogger.googleusercontent.com/img/b/R29vZ2xl/AVvXsEiRrw8oXEKZpMEUwWqR3kXwaWSkgWZrEGGfD4YzCN9q_Wq_6G_b1OdodZUU_QhenMpbqEtqNrBDVV6pXVpeIY4Aueu-nR_bgoEEY6ET4zi98fGutNz3nVs4AAtRoNbYbFB4uq-3ltwZqn_cbHhsc5ROHlUsKZGEOObXmVfC1cLkitt23UNU6eRerabhJrY/s0/sailentmovie.jpg
sigmaseries,Saregana,,,https://blogger.googleusercontent.com/img/b/R29vZ2xl/AVvXsEhVFajtxtcxgdLbOCBuPRpvHwk5g5OKbMz145_k7azELlpsNsny4UqR4ZN8SB2yV6A0lReV4ueFk1Q4MUlpj2sjhnf7SFK9f_gwbKKy7F_o_tPZ04XaTJ9B1j7TjcDps7vtzCuqbWqZCGbdAPLdr2lB065gywuNEDRuMXVGcCMSv84Y7ffJtRUahj8e9VA/s0/sareganamovie.jpg
sigmaseries,The sound   ,,https://blogger.googleusercontent.com/img/b/R29vZ2xl/AVvXsEjv_IB__ZIPhd1tApxzzmF97mMMyIYCIcojsKLM2z3J9eC8gz10G2JSGiGv0kxnz1L1Y-uiL1_jSmVKZuWthUHv41a28VqjfeDB3cIfB_3TZmUsi_kA1PNJCvuIqB9t3afm6M2F8sOtuoYwMLg2gdnckPeFh-ipTYSkWITSAbXnhasCc2pJj0fO_QkFFTo/s1600/The%20Sound%20of%20Forest.jpeg,https://blogger.googleusercontent.com/img/b/R29vZ2xl/AVvXsEiJuiZrVouPxPjPhlTA0_IefIeTra0sAovati-4Mjn2W2v_LR8-CY4uj8sAxCqkjKCwOOKiOryLkJbLIpE3p7ZYhwkkji6iQQWuCuYWFL8jjybsJTz0HBrHS84IxT8M9eYfqjw7wqVn-NK5LZOlR2tvZhmO_1FoLsRsDLwWWbqlPnIXH4TDlfaOKHLkvug/s0/thesoundmovie.jpg
showx,Prostitute,Shivanya Sharma; Khushi dalguch aka Khushbu,,
